site,province_label,longitude,latitude,amphora_type,stamp_count,log1p_stamp_count,range_start_year,range_end_year
Adria,Italia,12.057778,45.056389,Greco-Itálica,3,1.3862943611198906,-400,-100
Agrigento,Sicilia,13.566667,37.316667,Dressel 1,2,1.0986122886681096,-150,-1
Agrigento,Sicilia,13.566667,37.316667,Greco-Itálica,1,0.6931471805599453,-400,-100
Alba,Italia,8.033333,44.7,Dressel 6B,2,1.0986122886681096,-50,-1
Albinia,Italia,11.25,42.5,Dressel 1,28,3.367295829986474,-150,-1
Albinia,Italia,11.25,42.5,Dressel 1C,129,4.867534450455582,-150,-1
Albinia,Italia,11.25,42.5,Greco-Itálica,13,2.639057329615259,-400,-100
Alghero,Corsica et Sardinia,8.318056,40.558889,Dressel 2-4,1,0.6931471805599453,-30,-1
Altino,Italia,12.393333,45.544444,Brindisian amphora,1,0.6931471805599453,-125,-25
Altino,Italia,12.393333,45.544444,Dressel 2-4,3,1.3862943611198906,-30,-1
Altino,Italia,12.393333,45.544444,Dressel 6A,39,3.6888794541139363,-50,-1
Altino,Italia,12.393333,45.544444,Dressel 6B,43,3.784189633918261,-50,-1
Altino,Italia,12.393333,45.544444,Greco-Itálica,1,0.6931471805599453,-400,-100
Altino,Italia,12.393333,45.544444,Lamboglia 2,5,1.791759469228055,-125,-25
Ancona,Italia,13.5,43.633333,Lamboglia 2,50,3.9318256327243257,-125,-25
Aquileia,Italia,13.368333,45.770278,Brindisian amphora,1,0.6931471805599453,-125,-25
Aquileia,Italia,13.368333,45.770278,Dressel 1B,2,1.0986122886681096,-150,-1
Aquileia,Italia,13.368333,45.770278,Dressel 2-4,1,0.6931471805599453,-30,-1
Aquileia,Italia,13.368333,45.770278,Dressel 6B,1,0.6931471805599453,-50,-1
Aquileia,Italia,13.368333,45.770278,Lamboglia 2,3,1.3862943611198906,-125,-25
Ascoli,Italia,13.566667,42.85,Lamboglia 2,3,1.3862943611198906,-125,-25
Ascoli Satriano,Italia,15.566667,41.2,Lamboglia 2,2,1.0986122886681096,-125,-25
Asolo,Italia,11.9,45.8,Dressel 6B,2,1.0986122886681096,-50,-1
Bari,Italia,16.85,41.133333,Lamboglia 2,2,1.0986122886681096,-125,-25
Barletta,Italia,16.283333,41.316667,Lamboglia 2,2,1.0986122886681096,-125,-25
Biella,Italia,8.05,45.566667,Lamboglia 2,1,0.6931471805599453,-125,-25
Bologna,Italia,11.433333,44.466667,Dressel 6A,1,0.6931471805599453,-50,-1
Bottrighe,Italia,12.086944,45.024444,Greco-Itálica,3,1.3862943611198906,-400,-100
Brindisi,Italia,17.933333,40.633333,Brindisian amphora,2054,7.628031126930335,-125,-25
Brindisi,Italia,17.933333,40.633333,Dressel 2-4,1,0.6931471805599453,-30,-1
Brindisi,Italia,17.933333,40.633333,Lamboglia 2,3,1.3862943611198906,-125,-25
Calderara di Reno,Italia,11.266667,44.566667,Dressel 2-4,1,0.6931471805599453,-30,-1
Calvatone,Italia,10.433333,45.116667,Dressel 6B,2,1.0986122886681096,-50,-1
Calvatone,Italia,10.433333,45.116667,Lamboglia 2,16,2.833213344056216,-125,-25
Canale Giancola,Italia,17.85,40.683333,Brindisian amphora,1864,7.5310163320779155,-125,-25
Canoneghe,Italia,11.916667,45.433333,Dressel 6A,2,1.0986122886681096,-50,-1
Canoneghe,Italia,11.916667,45.433333,Dressel 6B,1,0.6931471805599453,-50,-1
Canosa,Italia,16.066667,41.216667,Brindisian amphora,1,0.6931471805599453,-125,-25
Canosa,Italia,16.066667,41.216667,Dressel 2-4,4,1.6094379124341003,-30,-1
Canosa,Italia,16.066667,41.216667,Dressel 6A,2,1.0986122886681096,-50,-1
Canosa,Italia,16.066667,41.216667,Greco-Itálica,2,1.0986122886681096,-400,-100
Canosa,Italia,16.066667,41.216667,Lamboglia 2,3,1.3862943611198906,-125,-25
Capalbio,Italia,11.416667,42.45,Dressel 1A,2,1.0986122886681096,-150,-1
Capalbio,Italia,11.416667,42.45,Dressel 2-4 Catalan,1,0.6931471805599453,-30,-1
Carlino,Italia,13.188056,45.802222,Dressel 6A,2,1.0986122886681096,-50,-1
Carlino,Italia,13.188056,45.802222,Lamboglia 2,1,0.6931471805599453,-125,-25
Castelfranco Emilia,Italia,11.05,44.616667,Dressel 2-4,1,0.6931471805599453,-30,-1
Castelfranco Emilia,Italia,11.05,44.616667,Lamboglia 2,1,0.6931471805599453,-125,-25
Cattolica Eraclea,Sicilia,13.4,37.433333,Dressel 1,2,1.0986122886681096,-150,-1
Cazzano,Italia,11.5,44.583333,Dressel 2-4,1,0.6931471805599453,-30,-1
Cazzano,Italia,11.5,44.583333,Lamboglia 2,1,0.6931471805599453,-125,-25
Celje,Italia,14.156111,45.591667,Dressel 6B,1,0.6931471805599453,-50,-1
Cerignola,Italia,15.9,41.266667,Lamboglia 2,1,0.6931471805599453,-125,-25
Cesena,Italia,12.249722,44.143333,Dressel 6A,1,0.6931471805599453,-50,-1
Civitavecchia,Italia,11.8,42.1,Dressel 2-4,1,0.6931471805599453,-30,-1
Civitavecchia,Italia,11.8,42.1,Lamboglia 2,1,0.6931471805599453,-125,-25
Classe,Italia,11.983333,44.416667,Dressel 2-4,1,0.6931471805599453,-30,-1
Classe,Italia,11.983333,44.416667,Dressel 6B,1,0.6931471805599453,-50,-1
Concordia,Italia,10.983333,44.916667,Dressel 1C,1,0.6931471805599453,-150,-1
Concordia,Italia,10.983333,44.916667,Dressel 6B,1,0.6931471805599453,-50,-1
Concordia,Italia,10.983333,44.916667,Lamboglia 2,1,0.6931471805599453,-125,-25
Cosa,Italia,12.896389,46.057778,Dressel 1,4,1.6094379124341003,-150,-1
Cosa,Italia,12.896389,46.057778,Dressel 1A,25,3.258096538021482,-150,-1
Cosa,Italia,12.896389,46.057778,Dressel 1B,10,2.3978952727983707,-150,-1
Cosa,Italia,12.896389,46.057778,Dressel 1C,1,0.6931471805599453,-150,-1
Cremona,Italia,10.033333,45.116667,Brindisian amphora,5,1.791759469228055,-125,-25
Cremona,Italia,10.033333,45.116667,Dressel 2-4,3,1.3862943611198906,-30,-1
Cremona,Italia,10.033333,45.116667,Lamboglia 2,31,3.4657359027997265,-125,-25
Domagnano,Italia,12.466667,43.95,Lamboglia 2,1,0.6931471805599453,-125,-25
Due Maestà,Italia,11.0,44.75,Dressel 2-4,1,0.6931471805599453,-30,-1
Due Maestà,Italia,11.0,44.75,Dressel 6A,1,0.6931471805599453,-50,-1
Dugenta,Italia,14.45,41.133333,Dressel 1,1,0.6931471805599453,-150,-1
Dugenta,Italia,14.45,41.133333,Dressel 1A,1,0.6931471805599453,-150,-1
Entella,Italia,9.333333,44.316667,Dressel 1,1,0.6931471805599453,-150,-1
Entella,Italia,9.333333,44.316667,Greco-Itálica,3,1.3862943611198906,-400,-100
Erice,Sicilia,12.583333,38.033333,Dressel 1,8,2.1972245773362196,-150,-1
Erice,Sicilia,12.583333,38.033333,Greco-Itálica,45,3.828641396489095,-400,-100
Este,Italia,11.65,45.233333,Dressel 6A,13,2.639057329615259,-50,-1
Este,Italia,11.65,45.233333,Dressel 6B,20,3.044522437723423,-50,-1
Este,Italia,11.65,45.233333,Lamboglia 2,13,2.639057329615259,-125,-25
Fermo,Italia,13.716667,43.15,Dressel 6A,2,1.0986122886681096,-50,-1
Fermo,Italia,13.716667,43.15,Lamboglia 2,1,0.6931471805599453,-125,-25
Ficarolo,Italia,11.433333,44.95,Dressel 6B,1,0.6931471805599453,-50,-1
Fiesole,Italia,11.283333,43.8,Dressel 1A,1,0.6931471805599453,-150,-1
Finale Emilia,Italia,11.283333,44.833333,Dressel 2-4,1,0.6931471805599453,-30,-1
Finale Emilia,Italia,11.283333,44.833333,Dressel 6A,1,0.6931471805599453,-50,-1
Finale Emilia,Italia,11.283333,44.833333,Dressel 6B,2,1.0986122886681096,-50,-1
Finale Emilia,Italia,11.283333,44.833333,Lamboglia 2,1,0.6931471805599453,-125,-25
Fiorano Modenese,Italia,10.816667,44.533333,Dressel 6A,1,0.6931471805599453,-50,-1
Fiorano Modenese,Italia,10.816667,44.533333,Lamboglia 2,1,0.6931471805599453,-125,-25
Gavello,Italia,11.916667,45.016667,Dressel 6A,2,1.0986122886681096,-50,-1
Gavello,Italia,11.916667,45.016667,Dressel 6B,1,0.6931471805599453,-50,-1
Herculanum,Italia,14.333333,40.8,Dressel 2-4 Catalan,1,0.6931471805599453,-30,-1
Imperia,Italia,8.05,43.883333,Dressel 2-4 Catalan,21,3.091042453358316,-30,-1
Islas de Tremiti,Italia,15.5,42.116667,Lamboglia 2,5,1.791759469228055,-125,-25
Ivrea,Italia,7.866667,45.466667,Dressel 1,1,0.6931471805599453,-150,-1
Ivrea,Italia,7.866667,45.466667,Lamboglia 2,2,1.0986122886681096,-125,-25
La Torre,Italia,12.066667,44.016667,Lamboglia 2,1,0.6931471805599453,-125,-25
Lecce,Italia,18.183333,40.383333,Brindisian amphora,5,1.791759469228055,-125,-25
Licata,Sicilia,13.933333,37.1,Greco-Itálica,1,0.6931471805599453,-400,-100
Lilibeo,Sicilia,12.416667,37.8,Brindisian amphora,1,0.6931471805599453,-125,-25
Lilibeo,Sicilia,12.416667,37.8,Dressel 1,2,1.0986122886681096,-150,-1
Lilibeo,Sicilia,12.416667,37.8,Greco-Itálica,9,2.302585092994046,-400,-100
Ljubljana (Emona),Italia,14.514444,46.055278,Dressel 6B,24,3.2188758248682006,-50,-1
Lodi Vecchio,Italia,9.4,45.3,Dressel 6A,1,0.6931471805599453,-50,-1
Lodi Vecchio,Italia,9.4,45.3,Dressel 6B,9,2.302585092994046,-50,-1
Lucania,Italia,16.0,40.5,Dressel 2-4,2,1.0986122886681096,-30,-1
Lucera,Italia,15.333333,41.5,Dressel 6A,1,0.6931471805599453,-50,-1
Maranello,Italia,10.866667,44.533333,Lamboglia 2,1,0.6931471805599453,-125,-25
Marano Lagunare,Italia,13.169167,45.766389,Dressel 6B,2,1.0986122886681096,-50,-1
Marano Lagunare,Italia,13.169167,45.766389,Lamboglia 2,3,1.3862943611198906,-125,-25
Margherita di Savoia,Italia,16.15,41.366667,Lamboglia 2,1,0.6931471805599453,-125,-25
Messina,Sicilia,15.566667,38.183333,Brindisian amphora,1,0.6931471805599453,-125,-25
Milano,Italia,9.2,45.466667,Dressel 6A,1,0.6931471805599453,-50,-1
Milano,Italia,9.2,45.466667,Lamboglia 2,84,4.442651256490317,-125,-25
Minturno,Italia,13.75,41.25,Dressel 1B,1,0.6931471805599453,-150,-1
Mirandola,Italia,11.066667,44.883333,Dressel 6A,1,0.6931471805599453,-50,-1
Modena,Italia,10.9,44.5,Dressel 6A,2,1.0986122886681096,-50,-1
Modena,Italia,10.9,44.5,Lamboglia 2,1,0.6931471805599453,-125,-25
Modena,Italia,10.916667,44.666667,Dressel 1B,1,0.6931471805599453,-150,-1
Modena,Italia,10.916667,44.666667,Dressel 2-4,2,1.0986122886681096,-30,-1
Modena,Italia,10.916667,44.666667,Dressel 6A,3,1.3862943611198906,-50,-1
Modena,Italia,10.916667,44.666667,Dressel 6B,4,1.6094379124341003,-50,-1
Modena,Italia,10.916667,44.666667,Lamboglia 2,8,2.1972245773362196,-125,-25
Modena,Italia,13.033333,45.833333,Dressel 6A,1,0.6931471805599453,-50,-1
Modena,Italia,13.033333,45.833333,Dressel 6B,1,0.6931471805599453,-50,-1
Mondragone,Italia,13.883333,41.116667,Dressel 1B,1,0.6931471805599453,-150,-1
Monopoli,Italia,17.3,40.95,Brindisian amphora,1,0.6931471805599453,-125,-25
Monte Pallano,Italia,14.383333,42.033333,Brindisian amphora,2,1.0986122886681096,-125,-25
Narni,Italia,12.516667,42.516667,Brindisian amphora,1,0.6931471805599453,-125,-25
Narni,Italia,12.516667,42.516667,Dressel 1A,1,0.6931471805599453,-150,-1
Narni,Italia,12.516667,42.516667,Greco-Itálica,1,0.6931471805599453,-400,-100
Oderzo,Italia,12.488056,45.78,Dressel 2-4,1,0.6931471805599453,-30,-1
Oderzo,Italia,12.488056,45.78,Dressel 6A,18,2.9444389791664403,-50,-1
Oderzo,Italia,12.488056,45.78,Dressel 6B,131,4.882801922586371,-50,-1
Orbetello,Italia,11.216667,42.45,Dressel 1B,1,0.6931471805599453,-150,-1
Ordona,Italia,15.616667,41.316667,Dressel 6A,1,0.6931471805599453,-50,-1
Ordona,Italia,15.616667,41.316667,Dressel 6B,1,0.6931471805599453,-50,-1
Ordona,Italia,15.616667,41.316667,Lamboglia 2,4,1.6094379124341003,-125,-25
Ostia Antica,Italia,12.283333,41.75,Dressel 2-4,1,0.6931471805599453,-30,-1
Ostia Antica,Italia,12.283333,41.75,Dressel 2-4 Catalan,4,1.6094379124341003,-30,-1
Ostia Antica,Italia,12.283333,41.75,Greco-Itálica,1,0.6931471805599453,-400,-100
Ostia Antica,Italia,12.283333,41.75,Lamboglia 2,1,0.6931471805599453,-125,-25
Ostiglia,Italia,11.133333,45.066667,Dressel 6A,5,1.791759469228055,-50,-1
Ostiglia,Italia,11.133333,45.066667,Dressel 6B,6,1.9459101490553132,-50,-1
Padova,Italia,11.883333,45.416667,Brindisian amphora,1,0.6931471805599453,-125,-25
Padova,Italia,11.883333,45.416667,Dressel 2-4,5,1.791759469228055,-30,-1
Padova,Italia,11.883333,45.416667,Dressel 6A,68,4.23410650459726,-50,-1
Padova,Italia,11.883333,45.416667,Dressel 6B,276,5.6240175061873385,-50,-1
Padova,Italia,11.883333,45.416667,Lamboglia 2,19,2.995732273553991,-125,-25
Palermo,Sicilia,13.366667,38.116667,Greco-Itálica,1,0.6931471805599453,-400,-100
Parenzo (Porec),Italia,13.593889,45.225833,Dressel 6B,1,0.6931471805599453,-50,-1
Parma,Italia,10.333333,44.8,Brindisian amphora,1,0.6931471805599453,-125,-25
Pavia,Italia,9.166667,45.166667,Lamboglia 2,1,0.6931471805599453,-125,-25
Pegognaga,Italia,10.85,45.0,Dressel 1B,2,1.0986122886681096,-150,-1
Pegognaga,Italia,10.85,45.0,Dressel 2-4,2,1.0986122886681096,-30,-1
Pegognaga,Italia,10.85,45.0,Dressel 6A,8,2.1972245773362196,-50,-1
Pegognaga,Italia,10.85,45.0,Dressel 6B,13,2.639057329615259,-50,-1
Pegognaga,Italia,10.85,45.0,Lamboglia 2,2,1.0986122886681096,-125,-25
Piadena,Italia,10.366667,45.133333,Lamboglia 2,5,1.791759469228055,-125,-25
Pisa,Italia,10.383333,43.716667,Dressel 6A,2,1.0986122886681096,-50,-1
Pisa,Italia,10.383333,43.716667,Lamboglia 2,1,0.6931471805599453,-125,-25
Pisa,Italia,10.716667,43.416667,Brindisian amphora,1,0.6931471805599453,-125,-25
Poggio Rusco,Italia,11.116667,44.983333,Dressel 6B,1,0.6931471805599453,-50,-1
Pompeya,Italia,14.483333,40.75,Brindisian amphora,2,1.0986122886681096,-125,-25
Pompeya,Italia,14.483333,40.75,Pascual 1,2,1.0986122886681096,-50,-1
Populonia,Italia,10.483333,42.983333,Brindisian amphora,1,0.6931471805599453,-125,-25
Pozzuolo del Friuli,Italia,13.195556,45.987778,Lamboglia 2,2,1.0986122886681096,-125,-25
Revere,Italia,11.133333,45.05,Lamboglia 2,1,0.6931471805599453,-125,-25
Riolo,Italia,11.083333,44.616667,Dressel 6B,1,0.6931471805599453,-50,-1
Salapia,Italia,16.0,41.4,Brindisian amphora,1,0.6931471805599453,-125,-25
San Cataldo,Italia,18.3,40.383333,Brindisian amphora,10,2.3978952727983707,-125,-25
Santa Severa,Italia,11.95,42.033333,Dressel 1B,3,1.3862943611198906,-150,-1
Sardegna,Corsica et Sardinia,8.44,39.881944,Dressel 1,2,1.0986122886681096,-150,-1
Sardegna,Corsica et Sardinia,8.44,39.881944,Dressel 1C,1,0.6931471805599453,-150,-1
Sardegna,Corsica et Sardinia,8.44,39.881944,Dressel 2-4 Catalan,1,0.6931471805599453,-30,-1
Sardegna,Corsica et Sardinia,8.44,39.881944,Greco-Itálica,1,0.6931471805599453,-400,-100
Sardegna,Corsica et Sardinia,8.44,39.881944,Lamboglia 2,1,0.6931471805599453,-125,-25
Sardegna,Corsica et Sardinia,9.0,40.0,Brindisian amphora,2,1.0986122886681096,-125,-25
Sassuolo,Italia,10.783333,44.55,Dressel 2-4,1,0.6931471805599453,-30,-1
Segesta,Sicilia,12.833333,37.933333,Greco-Itálica,1,0.6931471805599453,-400,-100
Selinunte,Sicilia,12.816667,37.583333,Greco-Itálica,1,0.6931471805599453,-400,-100
Sermide,Italia,11.366667,45.0,Dressel 6B,1,0.6931471805599453,-50,-1
Sevegliano,Italia,13.306944,45.887778,Dressel 6B,1,0.6931471805599453,-50,-1
Sicilia,Sicilia,14.0,37.5,Brindisian amphora,2,1.0986122886681096,-125,-25
Spargi,Corsica et Sardinia,9.35,41.233333,Dressel 1A,6,1.9459101490553132,-150,-1
Susa,Italia,7.05,45.133333,Dressel 2-4,1,0.6931471805599453,-30,-1
Susa,Italia,7.05,45.133333,Dressel 6B,2,1.0986122886681096,-50,-1
Taranto,Italia,17.229722,40.476111,Brindisian amphora,5,1.791759469228055,-125,-25
Taranto,Italia,17.229722,40.476111,Dressel 1,1,0.6931471805599453,-150,-1
Taranto,Italia,17.229722,40.476111,Dressel 2-4,5,1.791759469228055,-30,-1
Taranto,Italia,17.229722,40.476111,Dressel 6A,1,0.6931471805599453,-50,-1
Taranto,Italia,17.229722,40.476111,Greco-Itálica,4,1.6094379124341003,-400,-100
Taranto,Italia,17.229722,40.476111,Lamboglia 2,14,2.70805020110221,-125,-25
Tivoli,Italia,7.166667,44.683333,Dressel 2-4,2,1.0986122886681096,-30,-1
Torre Valdaliga,Italia,11.75,42.116667,Dressel 2-4,1,0.6931471805599453,-30,-1
Torre Valdaliga,Italia,11.75,42.116667,Lamboglia 2,1,0.6931471805599453,-125,-25
Tortona,Italia,8.866667,44.9,Brindisian amphora,2,1.0986122886681096,-125,-25
Tortona,Italia,8.866667,44.9,Dressel 2-4,1,0.6931471805599453,-30,-1
Tortona,Italia,8.866667,44.9,Dressel 6A,12,2.5649493574615367,-50,-1
Tortona,Italia,8.866667,44.9,Dressel 6B,30,3.4339872044851463,-50,-1
Tortona,Italia,8.866667,44.9,Lamboglia 2,7,2.0794415416798357,-125,-25
Toscana,Italia,11.0,43.416667,Dressel 1,2,1.0986122886681096,-150,-1
Toscana,Italia,11.0,43.416667,Dressel 2-4 Catalan,1,0.6931471805599453,-30,-1
Tournus,Italia,6.75,44.466667,Dressel 1,7,2.0794415416798357,-150,-1
Trapani,Sicilia,12.483333,38.016667,Greco-Itálica,4,1.6094379124341003,-400,-100
Trieste,Italia,13.766667,45.666667,Dressel 6B,3,1.3862943611198906,-50,-1
Trinitapoli,Italia,16.083333,41.35,Lamboglia 2,3,1.3862943611198906,-125,-25
Turrida di Sedegliano,Italia,12.932778,46.029444,Lamboglia 2,1,0.6931471805599453,-125,-25
Ugento,Italia,18.166667,39.933333,Dressel 2-4,2,1.0986122886681096,-30,-1
Umbria,Italia,12.55,43.05,Dressel 2-4,4,1.6094379124341003,-30,-1
Vallebuona,Italia,9.116667,44.45,Dressel 1A,1,0.6931471805599453,-150,-1
Vallebuona,Italia,9.116667,44.45,Dressel 1B,1,0.6931471805599453,-150,-1
Vallebuona,Italia,9.116667,44.45,Greco-Itálica,1,0.6931471805599453,-400,-100
Ventimiglia,Italia,7.6,43.783333,Dressel 1C,1,0.6931471805599453,-150,-1
Ventimiglia,Italia,7.6,43.783333,Dressel 6A,1,0.6931471805599453,-50,-1
Vercelli,Italia,8.416667,45.316667,Brindisian amphora,1,0.6931471805599453,-125,-25
Vercelli,Italia,8.416667,45.316667,Dressel 2-4,1,0.6931471805599453,-30,-1
Vercelli,Italia,8.416667,45.316667,Dressel 6A,7,2.0794415416798357,-50,-1
Vercelli,Italia,8.416667,45.316667,Dressel 6B,23,3.1780538303479458,-50,-1
Vercelli,Italia,8.416667,45.316667,Lamboglia 2,5,1.791759469228055,-125,-25
Verona,Italia,11.0,45.45,Dressel 6B,1,0.6931471805599453,-50,-1
Vibo Valentia,Italia,16.1,38.666667,Brindisian amphora,1,0.6931471805599453,-125,-25
Vibo Valentia,Italia,16.1,38.666667,Dressel 2-4,2,1.0986122886681096,-30,-1
Vicenza,Italia,11.55,45.55,Dressel 6A,27,3.332204510175204,-50,-1
Vicenza,Italia,11.55,45.55,Dressel 6B,116,4.762173934797756,-50,-1
Vrhnika,Italia,14.295556,45.966111,Dressel 6B,1,0.6931471805599453,-50,-1
Île Cavallo,Corsica et Sardinia,9.262903,41.368374,Dressel 2-4 Catalan,10,2.3978952727983707,-30,-1
Îles Lavezzi,Corsica et Sardinia,9.254185,41.341096,Dressel 2-4 Catalan,93,4.543294782270004,-30,-1
Îles Perduto,Corsica et Sardinia,9.305129,41.369872,Dressel 2-4 Catalan,11,2.4849066497880004,-30,-1
