bin_start_year,bin_end_year,site,longitude,latitude,amphora_type,stamp_count,log1p_stamp_count,temporal_probability,weighted_evidence
-400,-375,Adria,12.057778,45.056389,Greco-Itálica,3,1.3862943611198906,0.08333333333333333,0.11552453009332421
-375,-350,Adria,12.057778,45.056389,Greco-Itálica,3,1.3862943611198906,0.08333333333333333,0.11552453009332421
-350,-325,Adria,12.057778,45.056389,Greco-Itálica,3,1.3862943611198906,0.08333333333333333,0.11552453009332421
-325,-300,Adria,12.057778,45.056389,Greco-Itálica,3,1.3862943611198906,0.08333333333333333,0.11552453009332421
-300,-275,Adria,12.057778,45.056389,Greco-Itálica,3,1.3862943611198906,0.08333333333333333,0.11552453009332421
-275,-250,Adria,12.057778,45.056389,Greco-Itálica,3,1.3862943611198906,0.08333333333333333,0.11552453009332421
-250,-225,Adria,12.057778,45.056389,Greco-Itálica,3,1.3862943611198906,0.08333333333333333,0.11552453009332421
-225,-200,Adria,12.057778,45.056389,Greco-Itálica,3,1.3862943611198906,0.08333333333333333,0.11552453009332421
-200,-175,Adria,12.057778,45.056389,Greco-Itálica,3,1.3862943611198906,0.08333333333333333,0.11552453009332421
-175,-150,Adria,12.057778,45.056389,Greco-Itálica,3,1.3862943611198906,0.08333333333333333,0.11552453009332421
-150,-125,Adria,12.057778,45.056389,Greco-Itálica,3,1.3862943611198906,0.08333333333333333,0.11552453009332421
-125,-100,Adria,12.057778,45.056389,Greco-Itálica,3,1.3862943611198906,0.08333333333333333,0.11552453009332421
-150,-125,Agrigento,13.566667,37.316667,Dressel 1,2,1.0986122886681096,0.16666666666666666,0.18310204811135158
-125,-100,Agrigento,13.566667,37.316667,Dressel 1,2,1.0986122886681096,0.16666666666666666,0.18310204811135158
-100,-75,Agrigento,13.566667,37.316667,Dressel 1,2,1.0986122886681096,0.16666666666666666,0.18310204811135158
-75,-50,Agrigento,13.566667,37.316667,Dressel 1,2,1.0986122886681096,0.16666666666666666,0.18310204811135158
-50,-25,Agrigento,13.566667,37.316667,Dressel 1,2,1.0986122886681096,0.16666666666666666,0.18310204811135158
-25,0,Agrigento,13.566667,37.316667,Dressel 1,2,1.0986122886681096,0.16666666666666666,0.18310204811135158
-400,-375,Agrigento,13.566667,37.316667,Greco-Itálica,1,0.6931471805599453,0.08333333333333333,0.057762265046662105
-375,-350,Agrigento,13.566667,37.316667,Greco-Itálica,1,0.6931471805599453,0.08333333333333333,0.057762265046662105
-350,-325,Agrigento,13.566667,37.316667,Greco-Itálica,1,0.6931471805599453,0.08333333333333333,0.057762265046662105
-325,-300,Agrigento,13.566667,37.316667,Greco-Itálica,1,0.6931471805599453,0.08333333333333333,0.057762265046662105
-300,-275,Agrigento,13.566667,37.316667,Greco-Itálica,1,0.6931471805599453,0.08333333333333333,0.057762265046662105
-275,-250,Agrigento,13.566667,37.316667,Greco-Itálica,1,0.6931471805599453,0.08333333333333333,0.057762265046662105
-250,-225,Agrigento,13.566667,37.316667,Greco-Itálica,1,0.6931471805599453,0.08333333333333333,0.057762265046662105
-225,-200,Agrigento,13.566667,37.316667,Greco-Itálica,1,0.6931471805599453,0.08333333333333333,0.057762265046662105
-200,-175,Agrigento,13.566667,37.316667,Greco-Itálica,1,0.6931471805599453,0.08333333333333333,0.057762265046662105
-175,-150,Agrigento,13.566667,37.316667,Greco-Itálica,1,0.6931471805599453,0.08333333333333333,0.057762265046662105
-150,-125,Agrigento,13.566667,37.316667,Greco-Itálica,1,0.6931471805599453,0.08333333333333333,0.057762265046662105
-125,-100,Agrigento,13.566667,37.316667,Greco-Itálica,1,0.6931471805599453,0.08333333333333333,0.057762265046662105
-50,-25,Alba,8.033333,44.7,Dressel 6B,2,1.0986122886681096,0.5,0.5493061443340548
-25,0,Alba,8.033333,44.7,Dressel 6B,2,1.0986122886681096,0.5,0.5493061443340548
-150,-125,Albinia,11.25,42.5,Dressel 1,28,3.367295829986474,0.16666666666666666,0.5612159716644123
-125,-100,Albinia,11.25,42.5,Dressel 1,28,3.367295829986474,0.16666666666666666,0.5612159716644123
-100,-75,Albinia,11.25,42.5,Dressel 1,28,3.367295829986474,0.16666666666666666,0.5612159716644123
-75,-50,Albinia,11.25,42.5,Dressel 1,28,3.367295829986474,0.16666666666666666,0.5612159716644123
-50,-25,Albinia,11.25,42.5,Dressel 1,28,3.367295829986474,0.16666666666666666,0.5612159716644123
-25,0,Albinia,11.25,42.5,Dressel 1,28,3.367295829986474,0.16666666666666666,0.5612159716644123
-150,-125,Albinia,11.25,42.5,Dressel 1C,129,4.867534450455582,0.16666666666666666,0.811255741742597
-125,-100,Albinia,11.25,42.5,Dressel 1C,129,4.867534450455582,0.16666666666666666,0.811255741742597
-100,-75,Albinia,11.25,42.5,Dressel 1C,129,4.867534450455582,0.16666666666666666,0.811255741742597
-75,-50,Albinia,11.25,42.5,Dressel 1C,129,4.867534450455582,0.16666666666666666,0.811255741742597
-50,-25,Albinia,11.25,42.5,Dressel 1C,129,4.867534450455582,0.16666666666666666,0.811255741742597
-25,0,Albinia,11.25,42.5,Dressel 1C,129,4.867534450455582,0.16666666666666666,0.811255741742597
-400,-375,Albinia,11.25,42.5,Greco-Itálica,13,2.639057329615259,0.08333333333333333,0.2199214441346049
-375,-350,Albinia,11.25,42.5,Greco-Itálica,13,2.639057329615259,0.08333333333333333,0.2199214441346049
-350,-325,Albinia,11.25,42.5,Greco-Itálica,13,2.639057329615259,0.08333333333333333,0.2199214441346049
-325,-300,Albinia,11.25,42.5,Greco-Itálica,13,2.639057329615259,0.08333333333333333,0.2199214441346049
-300,-275,Albinia,11.25,42.5,Greco-Itálica,13,2.639057329615259,0.08333333333333333,0.2199214441346049
-275,-250,Albinia,11.25,42.5,Greco-Itálica,13,2.639057329615259,0.08333333333333333,0.2199214441346049
-250,-225,Albinia,11.25,42.5,Greco-Itálica,13,2.639057329615259,0.08333333333333333,0.2199214441346049
-225,-200,Albinia,11.25,42.5,Greco-Itálica,13,2.639057329615259,0.08333333333333333,0.2199214441346049
-200,-175,Albinia,11.25,42.5,Greco-Itálica,13,2.639057329615259,0.08333333333333333,0.2199214441346049
-175,-150,Albinia,11.25,42.5,Greco-Itálica,13,2.639057329615259,0.08333333333333333,0.2199214441346049
-150,-125,Albinia,11.25,42.5,Greco-Itálica,13,2.639057329615259,0.08333333333333333,0.2199214441346049
-125,-100,Albinia,11.25,42.5,Greco-Itálica,13,2.639057329615259,0.08333333333333333,0.2199214441346049
-25,0,Alghero,8.318056,40.558889,Dressel 2-4,1,0.6931471805599453,1.0,0.6931471805599453
-125,-100,Altino,12.393333,45.544444,Brindisian amphora,1,0.6931471805599453,0.25,0.17328679513998632
-100,-75,Altino,12.393333,45.544444,Brindisian amphora,1,0.6931471805599453,0.25,0.17328679513998632
-75,-50,Altino,12.393333,45.544444,Brindisian amphora,1,0.6931471805599453,0.25,0.17328679513998632
-50,-25,Altino,12.393333,45.544444,Brindisian amphora,1,0.6931471805599453,0.25,0.17328679513998632
-25,0,Altino,12.393333,45.544444,Dressel 2-4,3,1.3862943611198906,1.0,1.3862943611198906
-50,-25,Altino,12.393333,45.544444,Dressel 6A,39,3.6888794541139363,0.5,1.8444397270569681
-25,0,Altino,12.393333,45.544444,Dressel 6A,39,3.6888794541139363,0.5,1.8444397270569681
-50,-25,Altino,12.393333,45.544444,Dressel 6B,43,3.784189633918261,0.5,1.8920948169591305
-25,0,Altino,12.393333,45.544444,Dressel 6B,43,3.784189633918261,0.5,1.8920948169591305
-400,-375,Altino,12.393333,45.544444,Greco-Itálica,1,0.6931471805599453,0.08333333333333333,0.057762265046662105
-375,-350,Altino,12.393333,45.544444,Greco-Itálica,1,0.6931471805599453,0.08333333333333333,0.057762265046662105
-350,-325,Altino,12.393333,45.544444,Greco-Itálica,1,0.6931471805599453,0.08333333333333333,0.057762265046662105
-325,-300,Altino,12.393333,45.544444,Greco-Itálica,1,0.6931471805599453,0.08333333333333333,0.057762265046662105
-300,-275,Altino,12.393333,45.544444,Greco-Itálica,1,0.6931471805599453,0.08333333333333333,0.057762265046662105
-275,-250,Altino,12.393333,45.544444,Greco-Itálica,1,0.6931471805599453,0.08333333333333333,0.057762265046662105
-250,-225,Altino,12.393333,45.544444,Greco-Itálica,1,0.6931471805599453,0.08333333333333333,0.057762265046662105
-225,-200,Altino,12.393333,45.544444,Greco-Itálica,1,0.6931471805599453,0.08333333333333333,0.057762265046662105
-200,-175,Altino,12.393333,45.544444,Greco-Itálica,1,0.6931471805599453,0.08333333333333333,0.057762265046662105
-175,-150,Altino,12.393333,45.544444,Greco-Itálica,1,0.6931471805599453,0.08333333333333333,0.057762265046662105
-150,-125,Altino,12.393333,45.544444,Greco-Itálica,1,0.6931471805599453,0.08333333333333333,0.057762265046662105
-125,-100,Altino,12.393333,45.544444,Greco-Itálica,1,0.6931471805599453,0.08333333333333333,0.057762265046662105
-125,-100,Altino,12.393333,45.544444,Lamboglia 2,5,1.791759469228055,0.25,0.44793986730701374
-100,-75,Altino,12.393333,45.544444,Lamboglia 2,5,1.791759469228055,0.25,0.44793986730701374
-75,-50,Altino,12.393333,45.544444,Lamboglia 2,5,1.791759469228055,0.25,0.44793986730701374
-50,-25,Altino,12.393333,45.544444,Lamboglia 2,5,1.791759469228055,0.25,0.44793986730701374
-125,-100,Ancona,13.5,43.633333,Lamboglia 2,50,3.9318256327243257,0.25,0.9829564081810814
-100,-75,Ancona,13.5,43.633333,Lamboglia 2,50,3.9318256327243257,0.25,0.9829564081810814
-75,-50,Ancona,13.5,43.633333,Lamboglia 2,50,3.9318256327243257,0.25,0.9829564081810814
-50,-25,Ancona,13.5,43.633333,Lamboglia 2,50,3.9318256327243257,0.25,0.9829564081810814
-125,-100,Aquileia,13.368333,45.770278,Brindisian amphora,1,0.6931471805599453,0.25,0.17328679513998632
-100,-75,Aquileia,13.368333,45.770278,Brindisian amphora,1,0.6931471805599453,0.25,0.17328679513998632
-75,-50,Aquileia,13.368333,45.770278,Brindisian amphora,1,0.6931471805599453,0.25,0.17328679513998632
-50,-25,Aquileia,13.368333,45.770278,Brindisian amphora,1,0.6931471805599453,0.25,0.17328679513998632
-150,-125,Aquileia,13.368333,45.770278,Dressel 1B,2,1.0986122886681096,0.16666666666666666,0.18310204811135158
-125,-100,Aquileia,13.368333,45.770278,Dressel 1B,2,1.0986122886681096,0.16666666666666666,0.18310204811135158
-100,-75,Aquileia,13.368333,45.770278,Dressel 1B,2,1.0986122886681096,0.16666666666666666,0.18310204811135158
-75,-50,Aquileia,13.368333,45.770278,Dressel 1B,2,1.0986122886681096,0.16666666666666666,0.18310204811135158
-50,-25,Aquileia,13.368333,45.770278,Dressel 1B,2,1.0986122886681096,0.16666666666666666,0.18310204811135158
-25,0,Aquileia,13.368333,45.770278,Dressel 1B,2,1.0986122886681096,0.16666666666666666,0.18310204811135158
-25,0,Aquileia,13.368333,45.770278,Dressel 2-4,1,0.6931471805599453,1.0,0.6931471805599453
-50,-25,Aquileia,13.368333,45.770278,Dressel 6B,1,0.6931471805599453,0.5,0.34657359027997264
-25,0,Aquileia,13.368333,45.770278,Dressel 6B,1,0.6931471805599453,0.5,0.34657359027997264
-125,-100,Aquileia,13.368333,45.770278,Lamboglia 2,3,1.3862943611198906,0.25,0.34657359027997264
-100,-75,Aquileia,13.368333,45.770278,Lamboglia 2,3,1.3862943611198906,0.25,0.34657359027997264
-75,-50,Aquileia,13.368333,45.770278,Lamboglia 2,3,1.3862943611198906,0.25,0.34657359027997264
-50,-25,Aquileia,13.368333,45.770278,Lamboglia 2,3,1.3862943611198906,0.25,0.34657359027997264
-125,-100,Ascoli,13.566667,42.85,Lamboglia 2,3,1.3862943611198906,0.25,0.34657359027997264
-100,-75,Ascoli,13.566667,42.85,Lamboglia 2,3,1.3862943611198906,0.25,0.34657359027997264
-75,-50,Ascoli,13.566667,42.85,Lamboglia 2,3,1.3862943611198906,0.25,0.34657359027997264
-50,-25,Ascoli,13.566667,42.85,Lamboglia 2,3,1.3862943611198906,0.25,0.34657359027997264
-125,-100,Ascoli Satriano,15.566667,41.2,Lamboglia 2,2,1.0986122886681096,0.25,0.2746530721670274
-100,-75,Ascoli Satriano,15.566667,41.2,Lamboglia 2,2,1.0986122886681096,0.25,0.2746530721670274
-75,-50,Ascoli Satriano,15.566667,41.2,Lamboglia 2,2,1.0986122886681096,0.25,0.2746530721670274
-50,-25,Ascoli Satriano,15.566667,41.2,Lamboglia 2,2,1.0986122886681096,0.25,0.2746530721670274
-50,-25,Asolo,11.9,45.8,Dressel 6B,2,1.0986122886681096,0.5,0.5493061443340548
-25,0,Asolo,11.9,45.8,Dressel 6B,2,1.0986122886681096,0.5,0.5493061443340548
-125,-100,Bari,16.85,41.133333,Lamboglia 2,2,1.0986122886681096,0.25,0.2746530721670274
-100,-75,Bari,16.85,41.133333,Lamboglia 2,2,1.0986122886681096,0.25,0.2746530721670274
-75,-50,Bari,16.85,41.133333,Lamboglia 2,2,1.0986122886681096,0.25,0.2746530721670274
-50,-25,Bari,16.85,41.133333,Lamboglia 2,2,1.0986122886681096,0.25,0.2746530721670274
-125,-100,Barletta,16.283333,41.316667,Lamboglia 2,2,1.0986122886681096,0.25,0.2746530721670274
-100,-75,Barletta,16.283333,41.316667,Lamboglia 2,2,1.0986122886681096,0.25,0.2746530721670274
-75,-50,Barletta,16.283333,41.316667,Lamboglia 2,2,1.0986122886681096,0.25,0.2746530721670274
-50,-25,Barletta,16.283333,41.316667,Lamboglia 2,2,1.0986122886681096,0.25,0.2746530721670274
-125,-100,Biella,8.05,45.566667,Lamboglia 2,1,0.6931471805599453,0.25,0.17328679513998632
-100,-75,Biella,8.05,45.566667,Lamboglia 2,1,0.6931471805599453,0.25,0.17328679513998632
-75,-50,Biella,8.05,45.566667,Lamboglia 2,1,0.6931471805599453,0.25,0.17328679513998632
-50,-25,Biella,8.05,45.566667,Lamboglia 2,1,0.6931471805599453,0.25,0.17328679513998632
-50,-25,Bologna,11.433333,44.466667,Dressel 6A,1,0.6931471805599453,0.5,0.34657359027997264
-25,0,Bologna,11.433333,44.466667,Dressel 6A,1,0.6931471805599453,0.5,0.34657359027997264
-400,-375,Bottrighe,12.086944,45.024444,Greco-Itálica,3,1.3862943611198906,0.08333333333333333,0.11552453009332421
-375,-350,Bottrighe,12.086944,45.024444,Greco-Itálica,3,1.3862943611198906,0.08333333333333333,0.11552453009332421
-350,-325,Bottrighe,12.086944,45.024444,Greco-Itálica,3,1.3862943611198906,0.08333333333333333,0.11552453009332421
-325,-300,Bottrighe,12.086944,45.024444,Greco-Itálica,3,1.3862943611198906,0.08333333333333333,0.11552453009332421
-300,-275,Bottrighe,12.086944,45.024444,Greco-Itálica,3,1.3862943611198906,0.08333333333333333,0.11552453009332421
-275,-250,Bottrighe,12.086944,45.024444,Greco-Itálica,3,1.3862943611198906,0.08333333333333333,0.11552453009332421
-250,-225,Bottrighe,12.086944,45.024444,Greco-Itálica,3,1.3862943611198906,0.08333333333333333,0.11552453009332421
-225,-200,Bottrighe,12.086944,45.024444,Greco-Itálica,3,1.3862943611198906,0.08333333333333333,0.11552453009332421
-200,-175,Bottrighe,12.086944,45.024444,Greco-Itálica,3,1.3862943611198906,0.08333333333333333,0.11552453009332421
-175,-150,Bottrighe,12.086944,45.024444,Greco-Itálica,3,1.3862943611198906,0.08333333333333333,0.11552453009332421
-150,-125,Bottrighe,12.086944,45.024444,Greco-Itálica,3,1.3862943611198906,0.08333333333333333,0.11552453009332421
-125,-100,Bottrighe,12.086944,45.024444,Greco-Itálica,3,1.3862943611198906,0.08333333333333333,0.11552453009332421
-125,-100,Brindisi,17.933333,40.633333,Brindisian amphora,2054,7.628031126930335,0.25,1.9070077817325837
-100,-75,Brindisi,17.933333,40.633333,Brindisian amphora,2054,7.628031126930335,0.25,1.9070077817325837
-75,-50,Brindisi,17.933333,40.633333,Brindisian amphora,2054,7.628031126930335,0.25,1.9070077817325837
-50,-25,Brindisi,17.933333,40.633333,Brindisian amphora,2054,7.628031126930335,0.25,1.9070077817325837
-25,0,Brindisi,17.933333,40.633333,Dressel 2-4,1,0.6931471805599453,1.0,0.6931471805599453
-125,-100,Brindisi,17.933333,40.633333,Lamboglia 2,3,1.3862943611198906,0.25,0.34657359027997264
-100,-75,Brindisi,17.933333,40.633333,Lamboglia 2,3,1.3862943611198906,0.25,0.34657359027997264
-75,-50,Brindisi,17.933333,40.633333,Lamboglia 2,3,1.3862943611198906,0.25,0.34657359027997264
-50,-25,Brindisi,17.933333,40.633333,Lamboglia 2,3,1.3862943611198906,0.25,0.34657359027997264
-25,0,Calderara di Reno,11.266667,44.566667,Dressel 2-4,1,0.6931471805599453,1.0,0.6931471805599453
-50,-25,Calvatone,10.433333,45.116667,Dressel 6B,2,1.0986122886681096,0.5,0.5493061443340548
-25,0,Calvatone,10.433333,45.116667,Dressel 6B,2,1.0986122886681096,0.5,0.5493061443340548
-125,-100,Calvatone,10.433333,45.116667,Lamboglia 2,16,2.833213344056216,0.25,0.708303336014054
-100,-75,Calvatone,10.433333,45.116667,Lamboglia 2,16,2.833213344056216,0.25,0.708303336014054
-75,-50,Calvatone,10.433333,45.116667,Lamboglia 2,16,2.833213344056216,0.25,0.708303336014054
-50,-25,Calvatone,10.433333,45.116667,Lamboglia 2,16,2.833213344056216,0.25,0.708303336014054
-125,-100,Canale Giancola,17.85,40.683333,Brindisian amphora,1864,7.5310163320779155,0.25,1.8827540830194789
-100,-75,Canale Giancola,17.85,40.683333,Brindisian amphora,1864,7.5310163320779155,0.25,1.8827540830194789
-75,-50,Canale Giancola,17.85,40.683333,Brindisian amphora,1864,7.5310163320779155,0.25,1.8827540830194789
-50,-25,Canale Giancola,17.85,40.683333,Brindisian amphora,1864,7.5310163320779155,0.25,1.8827540830194789
-50,-25,Canoneghe,11.916667,45.433333,Dressel 6A,2,1.0986122886681096,0.5,0.5493061443340548
-25,0,Canoneghe,11.916667,45.433333,Dressel 6A,2,1.0986122886681096,0.5,0.5493061443340548
-50,-25,Canoneghe,11.916667,45.433333,Dressel 6B,1,0.6931471805599453,0.5,0.34657359027997264
-25,0,Canoneghe,11.916667,45.433333,Dressel 6B,1,0.6931471805599453,0.5,0.34657359027997264
-125,-100,Canosa,16.066667,41.216667,Brindisian amphora,1,0.6931471805599453,0.25,0.17328679513998632
-100,-75,Canosa,16.066667,41.216667,Brindisian amphora,1,0.6931471805599453,0.25,0.17328679513998632
-75,-50,Canosa,16.066667,41.216667,Brindisian amphora,1,0.6931471805599453,0.25,0.17328679513998632
-50,-25,Canosa,16.066667,41.216667,Brindisian amphora,1,0.6931471805599453,0.25,0.17328679513998632
-25,0,Canosa,16.066667,41.216667,Dressel 2-4,4,1.6094379124341003,1.0,1.6094379124341003
-50,-25,Canosa,16.066667,41.216667,Dressel 6A,2,1.0986122886681096,0.5,0.5493061443340548
-25,0,Canosa,16.066667,41.216667,Dressel 6A,2,1.0986122886681096,0.5,0.5493061443340548
-400,-375,Canosa,16.066667,41.216667,Greco-Itálica,2,1.0986122886681096,0.08333333333333333,0.09155102405567579
-375,-350,Canosa,16.066667,41.216667,Greco-Itálica,2,1.0986122886681096,0.08333333333333333,0.09155102405567579
-350,-325,Canosa,16.066667,41.216667,Greco-Itálica,2,1.0986122886681096,0.08333333333333333,0.09155102405567579
-325,-300,Canosa,16.066667,41.216667,Greco-Itálica,2,1.0986122886681096,0.08333333333333333,0.09155102405567579
-300,-275,Canosa,16.066667,41.216667,Greco-Itálica,2,1.0986122886681096,0.08333333333333333,0.09155102405567579
-275,-250,Canosa,16.066667,41.216667,Greco-Itálica,2,1.0986122886681096,0.08333333333333333,0.09155102405567579
-250,-225,Canosa,16.066667,41.216667,Greco-Itálica,2,1.0986122886681096,0.08333333333333333,0.09155102405567579
-225,-200,Canosa,16.066667,41.216667,Greco-Itálica,2,1.0986122886681096,0.08333333333333333,0.09155102405567579
-200,-175,Canosa,16.066667,41.216667,Greco-Itálica,2,1.0986122886681096,0.08333333333333333,0.09155102405567579
-175,-150,Canosa,16.066667,41.216667,Greco-Itálica,2,1.0986122886681096,0.08333333333333333,0.09155102405567579
-150,-125,Canosa,16.066667,41.216667,Greco-Itálica,2,1.0986122886681096,0.08333333333333333,0.09155102405567579
-125,-100,Canosa,16.066667,41.216667,Greco-Itálica,2,1.0986122886681096,0.08333333333333333,0.09155102405567579
-125,-100,Canosa,16.066667,41.216667,Lamboglia 2,3,1.3862943611198906,0.25,0.34657359027997264
-100,-75,Canosa,16.066667,41.216667,Lamboglia 2,3,1.3862943611198906,0.25,0.34657359027997264
-75,-50,Canosa,16.066667,41.216667,Lamboglia 2,3,1.3862943611198906,0.25,0.34657359027997264
-50,-25,Canosa,16.066667,41.216667,Lamboglia 2,3,1.3862943611198906,0.25,0.34657359027997264
-150,-125,Capalbio,11.416667,42.45,Dressel 1A,2,1.0986122886681096,0.16666666666666666,0.18310204811135158
-125,-100,Capalbio,11.416667,42.45,Dressel 1A,2,1.0986122886681096,0.16666666666666666,0.18310204811135158
-100,-75,Capalbio,11.416667,42.45,Dressel 1A,2,1.0986122886681096,0.16666666666666666,0.18310204811135158
-75,-50,Capalbio,11.416667,42.45,Dressel 1A,2,1.0986122886681096,0.16666666666666666,0.18310204811135158
-50,-25,Capalbio,11.416667,42.45,Dressel 1A,2,1.0986122886681096,0.16666666666666666,0.18310204811135158
-25,0,Capalbio,11.416667,42.45,Dressel 1A,2,1.0986122886681096,0.16666666666666666,0.18310204811135158
-25,0,Capalbio,11.416667,42.45,Dressel 2-4 Catalan,1,0.6931471805599453,1.0,0.6931471805599453
-50,-25,Carlino,13.188056,45.802222,Dressel 6A,2,1.0986122886681096,0.5,0.5493061443340548
-25,0,Carlino,13.188056,45.802222,Dressel 6A,2,1.0986122886681096,0.5,0.5493061443340548
-125,-100,Carlino,13.188056,45.802222,Lamboglia 2,1,0.6931471805599453,0.25,0.17328679513998632
-100,-75,Carlino,13.188056,45.802222,Lamboglia 2,1,0.6931471805599453,0.25,0.17328679513998632
-75,-50,Carlino,13.188056,45.802222,Lamboglia 2,1,0.6931471805599453,0.25,0.17328679513998632
-50,-25,Carlino,13.188056,45.802222,Lamboglia 2,1,0.6931471805599453,0.25,0.17328679513998632
-25,0,Castelfranco Emilia,11.05,44.616667,Dressel 2-4,1,0.6931471805599453,1.0,0.6931471805599453
-125,-100,Castelfranco Emilia,11.05,44.616667,Lamboglia 2,1,0.6931471805599453,0.25,0.17328679513998632
-100,-75,Castelfranco Emilia,11.05,44.616667,Lamboglia 2,1,0.6931471805599453,0.25,0.17328679513998632
-75,-50,Castelfranco Emilia,11.05,44.616667,Lamboglia 2,1,0.6931471805599453,0.25,0.17328679513998632
-50,-25,Castelfranco Emilia,11.05,44.616667,Lamboglia 2,1,0.6931471805599453,0.25,0.17328679513998632
-150,-125,Cattolica Eraclea,13.4,37.433333,Dressel 1,2,1.0986122886681096,0.16666666666666666,0.18310204811135158
-125,-100,Cattolica Eraclea,13.4,37.433333,Dressel 1,2,1.0986122886681096,0.16666666666666666,0.18310204811135158
-100,-75,Cattolica Eraclea,13.4,37.433333,Dressel 1,2,1.0986122886681096,0.16666666666666666,0.18310204811135158
-75,-50,Cattolica Eraclea,13.4,37.433333,Dressel 1,2,1.0986122886681096,0.16666666666666666,0.18310204811135158
-50,-25,Cattolica Eraclea,13.4,37.433333,Dressel 1,2,1.0986122886681096,0.16666666666666666,0.18310204811135158
-25,0,Cattolica Eraclea,13.4,37.433333,Dressel 1,2,1.0986122886681096,0.16666666666666666,0.18310204811135158
-25,0,Cazzano,11.5,44.583333,Dressel 2-4,1,0.6931471805599453,1.0,0.6931471805599453
-125,-100,Cazzano,11.5,44.583333,Lamboglia 2,1,0.6931471805599453,0.25,0.17328679513998632
-100,-75,Cazzano,11.5,44.583333,Lamboglia 2,1,0.6931471805599453,0.25,0.17328679513998632
-75,-50,Cazzano,11.5,44.583333,Lamboglia 2,1,0.6931471805599453,0.25,0.17328679513998632
-50,-25,Cazzano,11.5,44.583333,Lamboglia 2,1,0.6931471805599453,0.25,0.17328679513998632
-50,-25,Celje,14.156111,45.591667,Dressel 6B,1,0.6931471805599453,0.5,0.34657359027997264
-25,0,Celje,14.156111,45.591667,Dressel 6B,1,0.6931471805599453,0.5,0.34657359027997264
-125,-100,Cerignola,15.9,41.266667,Lamboglia 2,1,0.6931471805599453,0.25,0.17328679513998632
-100,-75,Cerignola,15.9,41.266667,Lamboglia 2,1,0.6931471805599453,0.25,0.17328679513998632
-75,-50,Cerignola,15.9,41.266667,Lamboglia 2,1,0.6931471805599453,0.25,0.17328679513998632
-50,-25,Cerignola,15.9,41.266667,Lamboglia 2,1,0.6931471805599453,0.25,0.17328679513998632
-50,-25,Cesena,12.249722,44.143333,Dressel 6A,1,0.6931471805599453,0.5,0.34657359027997264
-25,0,Cesena,12.249722,44.143333,Dressel 6A,1,0.6931471805599453,0.5,0.34657359027997264
-25,0,Civitavecchia,11.8,42.1,Dressel 2-4,1,0.6931471805599453,1.0,0.6931471805599453
-125,-100,Civitavecchia,11.8,42.1,Lamboglia 2,1,0.6931471805599453,0.25,0.17328679513998632
-100,-75,Civitavecchia,11.8,42.1,Lamboglia 2,1,0.6931471805599453,0.25,0.17328679513998632
-75,-50,Civitavecchia,11.8,42.1,Lamboglia 2,1,0.6931471805599453,0.25,0.17328679513998632
-50,-25,Civitavecchia,11.8,42.1,Lamboglia 2,1,0.6931471805599453,0.25,0.17328679513998632
-25,0,Classe,11.983333,44.416667,Dressel 2-4,1,0.6931471805599453,1.0,0.6931471805599453
-50,-25,Classe,11.983333,44.416667,Dressel 6B,1,0.6931471805599453,0.5,0.34657359027997264
-25,0,Classe,11.983333,44.416667,Dressel 6B,1,0.6931471805599453,0.5,0.34657359027997264
-150,-125,Concordia,10.983333,44.916667,Dressel 1C,1,0.6931471805599453,0.16666666666666666,0.11552453009332421
-125,-100,Concordia,10.983333,44.916667,Dressel 1C,1,0.6931471805599453,0.16666666666666666,0.11552453009332421
-100,-75,Concordia,10.983333,44.916667,Dressel 1C,1,0.6931471805599453,0.16666666666666666,0.11552453009332421
-75,-50,Concordia,10.983333,44.916667,Dressel 1C,1,0.6931471805599453,0.16666666666666666,0.11552453009332421
-50,-25,Concordia,10.983333,44.916667,Dressel 1C,1,0.6931471805599453,0.16666666666666666,0.11552453009332421
-25,0,Concordia,10.983333,44.916667,Dressel 1C,1,0.6931471805599453,0.16666666666666666,0.11552453009332421
-50,-25,Concordia,10.983333,44.916667,Dressel 6B,1,0.6931471805599453,0.5,0.34657359027997264
-25,0,Concordia,10.983333,44.916667,Dressel 6B,1,0.6931471805599453,0.5,0.34657359027997264
-125,-100,Concordia,10.983333,44.916667,Lamboglia 2,1,0.6931471805599453,0.25,0.17328679513998632
-100,-75,Concordia,10.983333,44.916667,Lamboglia 2,1,0.6931471805599453,0.25,0.17328679513998632
-75,-50,Concordia,10.983333,44.916667,Lamboglia 2,1,0.6931471805599453,0.25,0.17328679513998632
-50,-25,Concordia,10.983333,44.916667,Lamboglia 2,1,0.6931471805599453,0.25,0.17328679513998632
-150,-125,Cosa,12.896389,46.057778,Dressel 1,4,1.6094379124341003,0.16666666666666666,0.26823965207235
-125,-100,Cosa,12.896389,46.057778,Dressel 1,4,1.6094379124341003,0.16666666666666666,0.26823965207235
-100,-75,Cosa,12.896389,46.057778,Dressel 1,4,1.6094379124341003,0.16666666666666666,0.26823965207235
-75,-50,Cosa,12.896389,46.057778,Dressel 1,4,1.6094379124341003,0.16666666666666666,0.26823965207235
-50,-25,Cosa,12.896389,46.057778,Dressel 1,4,1.6094379124341003,0.16666666666666666,0.26823965207235
-25,0,Cosa,12.896389,46.057778,Dressel 1,4,1.6094379124341003,0.16666666666666666,0.26823965207235
-150,-125,Cosa,12.896389,46.057778,Dressel 1A,25,3.258096538021482,0.16666666666666666,0.543016089670247
-125,-100,Cosa,12.896389,46.057778,Dressel 1A,25,3.258096538021482,0.16666666666666666,0.543016089670247
-100,-75,Cosa,12.896389,46.057778,Dressel 1A,25,3.258096538021482,0.16666666666666666,0.543016089670247
-75,-50,Cosa,12.896389,46.057778,Dressel 1A,25,3.258096538021482,0.16666666666666666,0.543016089670247
-50,-25,Cosa,12.896389,46.057778,Dressel 1A,25,3.258096538021482,0.16666666666666666,0.543016089670247
-25,0,Cosa,12.896389,46.057778,Dressel 1A,25,3.258096538021482,0.16666666666666666,0.543016089670247
-150,-125,Cosa,12.896389,46.057778,Dressel 1B,10,2.3978952727983707,0.16666666666666666,0.39964921213306176
-125,-100,Cosa,12.896389,46.057778,Dressel 1B,10,2.3978952727983707,0.16666666666666666,0.39964921213306176
-100,-75,Cosa,12.896389,46.057778,Dressel 1B,10,2.3978952727983707,0.16666666666666666,0.39964921213306176
-75,-50,Cosa,12.896389,46.057778,Dressel 1B,10,2.3978952727983707,0.16666666666666666,0.39964921213306176
-50,-25,Cosa,12.896389,46.057778,Dressel 1B,10,2.3978952727983707,0.16666666666666666,0.39964921213306176
-25,0,Cosa,12.896389,46.057778,Dressel 1B,10,2.3978952727983707,0.16666666666666666,0.39964921213306176
-150,-125,Cosa,12.896389,46.057778,Dressel 1C,1,0.6931471805599453,0.16666666666666666,0.11552453009332421
-125,-100,Cosa,12.896389,46.057778,Dressel 1C,1,0.6931471805599453,0.16666666666666666,0.11552453009332421
-100,-75,Cosa,12.896389,46.057778,Dressel 1C,1,0.6931471805599453,0.16666666666666666,0.11552453009332421
-75,-50,Cosa,12.896389,46.057778,Dressel 1C,1,0.6931471805599453,0.16666666666666666,0.11552453009332421
-50,-25,Cosa,12.896389,46.057778,Dressel 1C,1,0.6931471805599453,0.16666666666666666,0.11552453009332421
-25,0,Cosa,12.896389,46.057778,Dressel 1C,1,0.6931471805599453,0.16666666666666666,0.11552453009332421
-125,-100,Cremona,10.033333,45.116667,Brindisian amphora,5,1.791759469228055,0.25,0.44793986730701374
-100,-75,Cremona,10.033333,45.116667,Brindisian amphora,5,1.791759469228055,0.25,0.44793986730701374
-75,-50,Cremona,10.033333,45.116667,Brindisian amphora,5,1.791759469228055,0.25,0.44793986730701374
-50,-25,Cremona,10.033333,45.116667,Brindisian amphora,5,1.791759469228055,0.25,0.44793986730701374
-25,0,Cremona,10.033333,45.116667,Dressel 2-4,3,1.3862943611198906,1.0,1.3862943611198906
-125,-100,Cremona,10.033333,45.116667,Lamboglia 2,31,3.4657359027997265,0.25,0.8664339756999316
-100,-75,Cremona,10.033333,45.116667,Lamboglia 2,31,3.4657359027997265,0.25,0.8664339756999316
-75,-50,Cremona,10.033333,45.116667,Lamboglia 2,31,3.4657359027997265,0.25,0.8664339756999316
-50,-25,Cremona,10.033333,45.116667,Lamboglia 2,31,3.4657359027997265,0.25,0.8664339756999316
-125,-100,Domagnano,12.466667,43.95,Lamboglia 2,1,0.6931471805599453,0.25,0.17328679513998632
-100,-75,Domagnano,12.466667,43.95,Lamboglia 2,1,0.6931471805599453,0.25,0.17328679513998632
-75,-50,Domagnano,12.466667,43.95,Lamboglia 2,1,0.6931471805599453,0.25,0.17328679513998632
-50,-25,Domagnano,12.466667,43.95,Lamboglia 2,1,0.6931471805599453,0.25,0.17328679513998632
-25,0,Due Maestà,11.0,44.75,Dressel 2-4,1,0.6931471805599453,1.0,0.6931471805599453
-50,-25,Due Maestà,11.0,44.75,Dressel 6A,1,0.6931471805599453,0.5,0.34657359027997264
-25,0,Due Maestà,11.0,44.75,Dressel 6A,1,0.6931471805599453,0.5,0.34657359027997264
-150,-125,Dugenta,14.45,41.133333,Dressel 1,1,0.6931471805599453,0.16666666666666666,0.11552453009332421
-125,-100,Dugenta,14.45,41.133333,Dressel 1,1,0.6931471805599453,0.16666666666666666,0.11552453009332421
-100,-75,Dugenta,14.45,41.133333,Dressel 1,1,0.6931471805599453,0.16666666666666666,0.11552453009332421
-75,-50,Dugenta,14.45,41.133333,Dressel 1,1,0.6931471805599453,0.16666666666666666,0.11552453009332421
-50,-25,Dugenta,14.45,41.133333,Dressel 1,1,0.6931471805599453,0.16666666666666666,0.11552453009332421
-25,0,Dugenta,14.45,41.133333,Dressel 1,1,0.6931471805599453,0.16666666666666666,0.11552453009332421
-150,-125,Dugenta,14.45,41.133333,Dressel 1A,1,0.6931471805599453,0.16666666666666666,0.11552453009332421
-125,-100,Dugenta,14.45,41.133333,Dressel 1A,1,0.6931471805599453,0.16666666666666666,0.11552453009332421
-100,-75,Dugenta,14.45,41.133333,Dressel 1A,1,0.6931471805599453,0.16666666666666666,0.11552453009332421
-75,-50,Dugenta,14.45,41.133333,Dressel 1A,1,0.6931471805599453,0.16666666666666666,0.11552453009332421
-50,-25,Dugenta,14.45,41.133333,Dressel 1A,1,0.6931471805599453,0.16666666666666666,0.11552453009332421
-25,0,Dugenta,14.45,41.133333,Dressel 1A,1,0.6931471805599453,0.16666666666666666,0.11552453009332421
-150,-125,Entella,9.333333,44.316667,Dressel 1,1,0.6931471805599453,0.16666666666666666,0.11552453009332421
-125,-100,Entella,9.333333,44.316667,Dressel 1,1,0.6931471805599453,0.16666666666666666,0.11552453009332421
-100,-75,Entella,9.333333,44.316667,Dressel 1,1,0.6931471805599453,0.16666666666666666,0.11552453009332421
-75,-50,Entella,9.333333,44.316667,Dressel 1,1,0.6931471805599453,0.16666666666666666,0.11552453009332421
-50,-25,Entella,9.333333,44.316667,Dressel 1,1,0.6931471805599453,0.16666666666666666,0.11552453009332421
-25,0,Entella,9.333333,44.316667,Dressel 1,1,0.6931471805599453,0.16666666666666666,0.11552453009332421
-400,-375,Entella,9.333333,44.316667,Greco-Itálica,3,1.3862943611198906,0.08333333333333333,0.11552453009332421
-375,-350,Entella,9.333333,44.316667,Greco-Itálica,3,1.3862943611198906,0.08333333333333333,0.11552453009332421
-350,-325,Entella,9.333333,44.316667,Greco-Itálica,3,1.3862943611198906,0.08333333333333333,0.11552453009332421
-325,-300,Entella,9.333333,44.316667,Greco-Itálica,3,1.3862943611198906,0.08333333333333333,0.11552453009332421
-300,-275,Entella,9.333333,44.316667,Greco-Itálica,3,1.3862943611198906,0.08333333333333333,0.11552453009332421
-275,-250,Entella,9.333333,44.316667,Greco-Itálica,3,1.3862943611198906,0.08333333333333333,0.11552453009332421
-250,-225,Entella,9.333333,44.316667,Greco-Itálica,3,1.3862943611198906,0.08333333333333333,0.11552453009332421
-225,-200,Entella,9.333333,44.316667,Greco-Itálica,3,1.3862943611198906,0.08333333333333333,0.11552453009332421
-200,-175,Entella,9.333333,44.316667,Greco-Itálica,3,1.3862943611198906,0.08333333333333333,0.11552453009332421
-175,-150,Entella,9.333333,44.316667,Greco-Itálica,3,1.3862943611198906,0.08333333333333333,0.11552453009332421
-150,-125,Entella,9.333333,44.316667,Greco-Itálica,3,1.3862943611198906,0.08333333333333333,0.11552453009332421
-125,-100,Entella,9.333333,44.316667,Greco-Itálica,3,1.3862943611198906,0.08333333333333333,0.11552453009332421
-150,-125,Erice,12.583333,38.033333,Dressel 1,8,2.1972245773362196,0.16666666666666666,0.3662040962227032
-125,-100,Erice,12.583333,38.033333,Dressel 1,8,2.1972245773362196,0.16666666666666666,0.3662040962227032
-100,-75,Erice,12.583333,38.033333,Dressel 1,8,2.1972245773362196,0.16666666666666666,0.3662040962227032
-75,-50,Erice,12.583333,38.033333,Dressel 1,8,2.1972245773362196,0.16666666666666666,0.3662040962227032
-50,-25,Erice,12.583333,38.033333,Dressel 1,8,2.1972245773362196,0.16666666666666666,0.3662040962227032
-25,0,Erice,12.583333,38.033333,Dressel 1,8,2.1972245773362196,0.16666666666666666,0.3662040962227032
-400,-375,Erice,12.583333,38.033333,Greco-Itálica,45,3.828641396489095,0.08333333333333333,0.31905344970742455
-375,-350,Erice,12.583333,38.033333,Greco-Itálica,45,3.828641396489095,0.08333333333333333,0.31905344970742455
-350,-325,Erice,12.583333,38.033333,Greco-Itálica,45,3.828641396489095,0.08333333333333333,0.31905344970742455
-325,-300,Erice,12.583333,38.033333,Greco-Itálica,45,3.828641396489095,0.08333333333333333,0.31905344970742455
-300,-275,Erice,12.583333,38.033333,Greco-Itálica,45,3.828641396489095,0.08333333333333333,0.31905344970742455
-275,-250,Erice,12.583333,38.033333,Greco-Itálica,45,3.828641396489095,0.08333333333333333,0.31905344970742455
-250,-225,Erice,12.583333,38.033333,Greco-Itálica,45,3.828641396489095,0.08333333333333333,0.31905344970742455
-225,-200,Erice,12.583333,38.033333,Greco-Itálica,45,3.828641396489095,0.08333333333333333,0.31905344970742455
-200,-175,Erice,12.583333,38.033333,Greco-Itálica,45,3.828641396489095,0.08333333333333333,0.31905344970742455
-175,-150,Erice,12.583333,38.033333,Greco-Itálica,45,3.828641396489095,0.08333333333333333,0.31905344970742455
-150,-125,Erice,12.583333,38.033333,Greco-Itálica,45,3.828641396489095,0.08333333333333333,0.31905344970742455
-125,-100,Erice,12.583333,38.033333,Greco-Itálica,45,3.828641396489095,0.08333333333333333,0.31905344970742455
-50,-25,Este,11.65,45.233333,Dressel 6A,13,2.639057329615259,0.5,1.3195286648076294
-25,0,Este,11.65,45.233333,Dressel 6A,13,2.639057329615259,0.5,1.3195286648076294
-50,-25,Este,11.65,45.233333,Dressel 6B,20,3.044522437723423,0.5,1.5222612188617115
-25,0,Este,11.65,45.233333,Dressel 6B,20,3.044522437723423,0.5,1.5222612188617115
-125,-100,Este,11.65,45.233333,Lamboglia 2,13,2.639057329615259,0.25,0.6597643324038147
-100,-75,Este,11.65,45.233333,Lamboglia 2,13,2.639057329615259,0.25,0.6597643324038147
-75,-50,Este,11.65,45.233333,Lamboglia 2,13,2.639057329615259,0.25,0.6597643324038147
-50,-25,Este,11.65,45.233333,Lamboglia 2,13,2.639057329615259,0.25,0.6597643324038147
-50,-25,Fermo,13.716667,43.15,Dressel 6A,2,1.0986122886681096,0.5,0.5493061443340548
-25,0,Fermo,13.716667,43.15,Dressel 6A,2,1.0986122886681096,0.5,0.5493061443340548
-125,-100,Fermo,13.716667,43.15,Lamboglia 2,1,0.6931471805599453,0.25,0.17328679513998632
-100,-75,Fermo,13.716667,43.15,Lamboglia 2,1,0.6931471805599453,0.25,0.17328679513998632
-75,-50,Fermo,13.716667,43.15,Lamboglia 2,1,0.6931471805599453,0.25,0.17328679513998632
-50,-25,Fermo,13.716667,43.15,Lamboglia 2,1,0.6931471805599453,0.25,0.17328679513998632
-50,-25,Ficarolo,11.433333,44.95,Dressel 6B,1,0.6931471805599453,0.5,0.34657359027997264
-25,0,Ficarolo,11.433333,44.95,Dressel 6B,1,0.6931471805599453,0.5,0.34657359027997264
-150,-125,Fiesole,11.283333,43.8,Dressel 1A,1,0.6931471805599453,0.16666666666666666,0.11552453009332421
-125,-100,Fiesole,11.283333,43.8,Dressel 1A,1,0.6931471805599453,0.16666666666666666,0.11552453009332421
-100,-75,Fiesole,11.283333,43.8,Dressel 1A,1,0.6931471805599453,0.16666666666666666,0.11552453009332421
-75,-50,Fiesole,11.283333,43.8,Dressel 1A,1,0.6931471805599453,0.16666666666666666,0.11552453009332421
-50,-25,Fiesole,11.283333,43.8,Dressel 1A,1,0.6931471805599453,0.16666666666666666,0.11552453009332421
-25,0,Fiesole,11.283333,43.8,Dressel 1A,1,0.6931471805599453,0.16666666666666666,0.11552453009332421
-25,0,Finale Emilia,11.283333,44.833333,Dressel 2-4,1,0.6931471805599453,1.0,0.6931471805599453
-50,-25,Finale Emilia,11.283333,44.833333,Dressel 6A,1,0.6931471805599453,0.5,0.34657359027997264
-25,0,Finale Emilia,11.283333,44.833333,Dressel 6A,1,0.6931471805599453,0.5,0.34657359027997264
-50,-25,Finale Emilia,11.283333,44.833333,Dressel 6B,2,1.0986122886681096,0.5,0.5493061443340548
-25,0,Finale Emilia,11.283333,44.833333,Dressel 6B,2,1.0986122886681096,0.5,0.5493061443340548
-125,-100,Finale Emilia,11.283333,44.833333,Lamboglia 2,1,0.6931471805599453,0.25,0.17328679513998632
-100,-75,Finale Emilia,11.283333,44.833333,Lamboglia 2,1,0.6931471805599453,0.25,0.17328679513998632
-75,-50,Finale Emilia,11.283333,44.833333,Lamboglia 2,1,0.6931471805599453,0.25,0.17328679513998632
-50,-25,Finale Emilia,11.283333,44.833333,Lamboglia 2,1,0.6931471805599453,0.25,0.17328679513998632
-50,-25,Fiorano Modenese,10.816667,44.533333,Dressel 6A,1,0.6931471805599453,0.5,0.34657359027997264
-25,0,Fiorano Modenese,10.816667,44.533333,Dressel 6A,1,0.6931471805599453,0.5,0.34657359027997264
-125,-100,Fiorano Modenese,10.816667,44.533333,Lamboglia 2,1,0.6931471805599453,0.25,0.17328679513998632
-100,-75,Fiorano Modenese,10.816667,44.533333,Lamboglia 2,1,0.6931471805599453,0.25,0.17328679513998632
-75,-50,Fiorano Modenese,10.816667,44.533333,Lamboglia 2,1,0.6931471805599453,0.25,0.17328679513998632
-50,-25,Fiorano Modenese,10.816667,44.533333,Lamboglia 2,1,0.6931471805599453,0.25,0.17328679513998632
-50,-25,Gavello,11.916667,45.016667,Dressel 6A,2,1.0986122886681096,0.5,0.5493061443340548
-25,0,Gavello,11.916667,45.016667,Dressel 6A,2,1.0986122886681096,0.5,0.5493061443340548
-50,-25,Gavello,11.916667,45.016667,Dressel 6B,1,0.6931471805599453,0.5,0.34657359027997264
-25,0,Gavello,11.916667,45.016667,Dressel 6B,1,0.6931471805599453,0.5,0.34657359027997264
-25,0,Herculanum,14.333333,40.8,Dressel 2-4 Catalan,1,0.6931471805599453,1.0,0.6931471805599453
-25,0,Imperia,8.05,43.883333,Dressel 2-4 Catalan,21,3.091042453358316,1.0,3.091042453358316
-125,-100,Islas de Tremiti,15.5,42.116667,Lamboglia 2,5,1.791759469228055,0.25,0.44793986730701374
-100,-75,Islas de Tremiti,15.5,42.116667,Lamboglia 2,5,1.791759469228055,0.25,0.44793986730701374
-75,-50,Islas de Tremiti,15.5,42.116667,Lamboglia 2,5,1.791759469228055,0.25,0.44793986730701374
-50,-25,Islas de Tremiti,15.5,42.116667,Lamboglia 2,5,1.791759469228055,0.25,0.44793986730701374
-150,-125,Ivrea,7.866667,45.466667,Dressel 1,1,0.6931471805599453,0.16666666666666666,0.11552453009332421
-125,-100,Ivrea,7.866667,45.466667,Dressel 1,1,0.6931471805599453,0.16666666666666666,0.11552453009332421
-100,-75,Ivrea,7.866667,45.466667,Dressel 1,1,0.6931471805599453,0.16666666666666666,0.11552453009332421
-75,-50,Ivrea,7.866667,45.466667,Dressel 1,1,0.6931471805599453,0.16666666666666666,0.11552453009332421
-50,-25,Ivrea,7.866667,45.466667,Dressel 1,1,0.6931471805599453,0.16666666666666666,0.11552453009332421
-25,0,Ivrea,7.866667,45.466667,Dressel 1,1,0.6931471805599453,0.16666666666666666,0.11552453009332421
-125,-100,Ivrea,7.866667,45.466667,Lamboglia 2,2,1.0986122886681096,0.25,0.2746530721670274
-100,-75,Ivrea,7.866667,45.466667,Lamboglia 2,2,1.0986122886681096,0.25,0.2746530721670274
-75,-50,Ivrea,7.866667,45.466667,Lamboglia 2,2,1.0986122886681096,0.25,0.2746530721670274
-50,-25,Ivrea,7.866667,45.466667,Lamboglia 2,2,1.0986122886681096,0.25,0.2746530721670274
-125,-100,La Torre,12.066667,44.016667,Lamboglia 2,1,0.6931471805599453,0.25,0.17328679513998632
-100,-75,La Torre,12.066667,44.016667,Lamboglia 2,1,0.6931471805599453,0.25,0.17328679513998632
-75,-50,La Torre,12.066667,44.016667,Lamboglia 2,1,0.6931471805599453,0.25,0.17328679513998632
-50,-25,La Torre,12.066667,44.016667,Lamboglia 2,1,0.6931471805599453,0.25,0.17328679513998632
-125,-100,Lecce,18.183333,40.383333,Brindisian amphora,5,1.791759469228055,0.25,0.44793986730701374
-100,-75,Lecce,18.183333,40.383333,Brindisian amphora,5,1.791759469228055,0.25,0.44793986730701374
-75,-50,Lecce,18.183333,40.383333,Brindisian amphora,5,1.791759469228055,0.25,0.44793986730701374
-50,-25,Lecce,18.183333,40.383333,Brindisian amphora,5,1.791759469228055,0.25,0.44793986730701374
-400,-375,Licata,13.933333,37.1,Greco-Itálica,1,0.6931471805599453,0.08333333333333333,0.057762265046662105
-375,-350,Licata,13.933333,37.1,Greco-Itálica,1,0.6931471805599453,0.08333333333333333,0.057762265046662105
-350,-325,Licata,13.933333,37.1,Greco-Itálica,1,0.6931471805599453,0.08333333333333333,0.057762265046662105
-325,-300,Licata,13.933333,37.1,Greco-Itálica,1,0.6931471805599453,0.08333333333333333,0.057762265046662105
-300,-275,Licata,13.933333,37.1,Greco-Itálica,1,0.6931471805599453,0.08333333333333333,0.057762265046662105
-275,-250,Licata,13.933333,37.1,Greco-Itálica,1,0.6931471805599453,0.08333333333333333,0.057762265046662105
-250,-225,Licata,13.933333,37.1,Greco-Itálica,1,0.6931471805599453,0.08333333333333333,0.057762265046662105
-225,-200,Licata,13.933333,37.1,Greco-Itálica,1,0.6931471805599453,0.08333333333333333,0.057762265046662105
-200,-175,Licata,13.933333,37.1,Greco-Itálica,1,0.6931471805599453,0.08333333333333333,0.057762265046662105
-175,-150,Licata,13.933333,37.1,Greco-Itálica,1,0.6931471805599453,0.08333333333333333,0.057762265046662105
-150,-125,Licata,13.933333,37.1,Greco-Itálica,1,0.6931471805599453,0.08333333333333333,0.057762265046662105
-125,-100,Licata,13.933333,37.1,Greco-Itálica,1,0.6931471805599453,0.08333333333333333,0.057762265046662105
-125,-100,Lilibeo,12.416667,37.8,Brindisian amphora,1,0.6931471805599453,0.25,0.17328679513998632
-100,-75,Lilibeo,12.416667,37.8,Brindisian amphora,1,0.6931471805599453,0.25,0.17328679513998632
-75,-50,Lilibeo,12.416667,37.8,Brindisian amphora,1,0.6931471805599453,0.25,0.17328679513998632
-50,-25,Lilibeo,12.416667,37.8,Brindisian amphora,1,0.6931471805599453,0.25,0.17328679513998632
-150,-125,Lilibeo,12.416667,37.8,Dressel 1,2,1.0986122886681096,0.16666666666666666,0.18310204811135158
-125,-100,Lilibeo,12.416667,37.8,Dressel 1,2,1.0986122886681096,0.16666666666666666,0.18310204811135158
-100,-75,Lilibeo,12.416667,37.8,Dressel 1,2,1.0986122886681096,0.16666666666666666,0.18310204811135158
-75,-50,Lilibeo,12.416667,37.8,Dressel 1,2,1.0986122886681096,0.16666666666666666,0.18310204811135158
-50,-25,Lilibeo,12.416667,37.8,Dressel 1,2,1.0986122886681096,0.16666666666666666,0.18310204811135158
-25,0,Lilibeo,12.416667,37.8,Dressel 1,2,1.0986122886681096,0.16666666666666666,0.18310204811135158
-400,-375,Lilibeo,12.416667,37.8,Greco-Itálica,9,2.302585092994046,0.08333333333333333,0.19188209108283716
-375,-350,Lilibeo,12.416667,37.8,Greco-Itálica,9,2.302585092994046,0.08333333333333333,0.19188209108283716
-350,-325,Lilibeo,12.416667,37.8,Greco-Itálica,9,2.302585092994046,0.08333333333333333,0.19188209108283716
-325,-300,Lilibeo,12.416667,37.8,Greco-Itálica,9,2.302585092994046,0.08333333333333333,0.19188209108283716
-300,-275,Lilibeo,12.416667,37.8,Greco-Itálica,9,2.302585092994046,0.08333333333333333,0.19188209108283716
-275,-250,Lilibeo,12.416667,37.8,Greco-Itálica,9,2.302585092994046,0.08333333333333333,0.19188209108283716
-250,-225,Lilibeo,12.416667,37.8,Greco-Itálica,9,2.302585092994046,0.08333333333333333,0.19188209108283716
-225,-200,Lilibeo,12.416667,37.8,Greco-Itálica,9,2.302585092994046,0.08333333333333333,0.19188209108283716
-200,-175,Lilibeo,12.416667,37.8,Greco-Itálica,9,2.302585092994046,0.08333333333333333,0.19188209108283716
-175,-150,Lilibeo,12.416667,37.8,Greco-Itálica,9,2.302585092994046,0.08333333333333333,0.19188209108283716
-150,-125,Lilibeo,12.416667,37.8,Greco-Itálica,9,2.302585092994046,0.08333333333333333,0.19188209108283716
-125,-100,Lilibeo,12.416667,37.8,Greco-Itálica,9,2.302585092994046,0.08333333333333333,0.19188209108283716
-50,-25,Ljubljana (Emona),14.514444,46.055278,Dressel 6B,24,3.2188758248682006,0.5,1.6094379124341003
-25,0,Ljubljana (Emona),14.514444,46.055278,Dressel 6B,24,3.2188758248682006,0.5,1.6094379124341003
-50,-25,Lodi Vecchio,9.4,45.3,Dressel 6A,1,0.6931471805599453,0.5,0.34657359027997264
-25,0,Lodi Vecchio,9.4,45.3,Dressel 6A,1,0.6931471805599453,0.5,0.34657359027997264
-50,-25,Lodi Vecchio,9.4,45.3,Dressel 6B,9,2.302585092994046,0.5,1.151292546497023
-25,0,Lodi Vecchio,9.4,45.3,Dressel 6B,9,2.302585092994046,0.5,1.151292546497023
-25,0,Lucania,16.0,40.5,Dressel 2-4,2,1.0986122886681096,1.0,1.0986122886681096
-50,-25,Lucera,15.333333,41.5,Dressel 6A,1,0.6931471805599453,0.5,0.34657359027997264
-25,0,Lucera,15.333333,41.5,Dressel 6A,1,0.6931471805599453,0.5,0.34657359027997264
-125,-100,Maranello,10.866667,44.533333,Lamboglia 2,1,0.6931471805599453,0.25,0.17328679513998632
-100,-75,Maranello,10.866667,44.533333,Lamboglia 2,1,0.6931471805599453,0.25,0.17328679513998632
-75,-50,Maranello,10.866667,44.533333,Lamboglia 2,1,0.6931471805599453,0.25,0.17328679513998632
-50,-25,Maranello,10.866667,44.533333,Lamboglia 2,1,0.6931471805599453,0.25,0.17328679513998632
-50,-25,Marano Lagunare,13.169167,45.766389,Dressel 6B,2,1.0986122886681096,0.5,0.5493061443340548
-25,0,Marano Lagunare,13.169167,45.766389,Dressel 6B,2,1.0986122886681096,0.5,0.5493061443340548
-125,-100,Marano Lagunare,13.169167,45.766389,Lamboglia 2,3,1.3862943611198906,0.25,0.34657359027997264
-100,-75,Marano Lagunare,13.169167,45.766389,Lamboglia 2,3,1.3862943611198906,0.25,0.34657359027997264
-75,-50,Marano Lagunare,13.169167,45.766389,Lamboglia 2,3,1.3862943611198906,0.25,0.34657359027997264
-50,-25,Marano Lagunare,13.169167,45.766389,Lamboglia 2,3,1.3862943611198906,0.25,0.34657359027997264
-125,-100,Margherita di Savoia,16.15,41.366667,Lamboglia 2,1,0.6931471805599453,0.25,0.17328679513998632
-100,-75,Margherita di Savoia,16.15,41.366667,Lamboglia 2,1,0.6931471805599453,0.25,0.17328679513998632
-75,-50,Margherita di Savoia,16.15,41.366667,Lamboglia 2,1,0.6931471805599453,0.25,0.17328679513998632
-50,-25,Margherita di Savoia,16.15,41.366667,Lamboglia 2,1,0.6931471805599453,0.25,0.17328679513998632
-125,-100,Messina,15.566667,38.183333,Brindisian amphora,1,0.6931471805599453,0.25,0.17328679513998632
-100,-75,Messina,15.566667,38.183333,Brindisian amphora,1,0.6931471805599453,0.25,0.17328679513998632
-75,-50,Messina,15.566667,38.183333,Brindisian amphora,1,0.6931471805599453,0.25,0.17328679513998632
-50,-25,Messina,15.566667,38.183333,Brindisian amphora,1,0.6931471805599453,0.25,0.17328679513998632
-50,-25,Milano,9.2,45.466667,Dressel 6A,1,0.6931471805599453,0.5,0.34657359027997264
-25,0,Milano,9.2,45.466667,Dressel 6A,1,0.6931471805599453,0.5,0.34657359027997264
-125,-100,Milano,9.2,45.466667,Lamboglia 2,84,4.442651256490317,0.25,1.1106628141225792
-100,-75,Milano,9.2,45.466667,Lamboglia 2,84,4.442651256490317,0.25,1.1106628141225792
-75,-50,Milano,9.2,45.466667,Lamboglia 2,84,4.442651256490317,0.25,1.1106628141225792
-50,-25,Milano,9.2,45.466667,Lamboglia 2,84,4.442651256490317,0.25,1.1106628141225792
-150,-125,Minturno,13.75,41.25,Dressel 1B,1,0.6931471805599453,0.16666666666666666,0.11552453009332421
-125,-100,Minturno,13.75,41.25,Dressel 1B,1,0.6931471805599453,0.16666666666666666,0.11552453009332421
-100,-75,Minturno,13.75,41.25,Dressel 1B,1,0.6931471805599453,0.16666666666666666,0.11552453009332421
-75,-50,Minturno,13.75,41.25,Dressel 1B,1,0.6931471805599453,0.16666666666666666,0.11552453009332421
-50,-25,Minturno,13.75,41.25,Dressel 1B,1,0.6931471805599453,0.16666666666666666,0.11552453009332421
-25,0,Minturno,13.75,41.25,Dressel 1B,1,0.6931471805599453,0.16666666666666666,0.11552453009332421
-50,-25,Mirandola,11.066667,44.883333,Dressel 6A,1,0.6931471805599453,0.5,0.34657359027997264
-25,0,Mirandola,11.066667,44.883333,Dressel 6A,1,0.6931471805599453,0.5,0.34657359027997264
-50,-25,Modena,10.9,44.5,Dressel 6A,2,1.0986122886681096,0.5,0.5493061443340548
-25,0,Modena,10.9,44.5,Dressel 6A,2,1.0986122886681096,0.5,0.5493061443340548
-125,-100,Modena,10.9,44.5,Lamboglia 2,1,0.6931471805599453,0.25,0.17328679513998632
-100,-75,Modena,10.9,44.5,Lamboglia 2,1,0.6931471805599453,0.25,0.17328679513998632
-75,-50,Modena,10.9,44.5,Lamboglia 2,1,0.6931471805599453,0.25,0.17328679513998632
-50,-25,Modena,10.9,44.5,Lamboglia 2,1,0.6931471805599453,0.25,0.17328679513998632
-150,-125,Modena,10.916667,44.666667,Dressel 1B,1,0.6931471805599453,0.16666666666666666,0.11552453009332421
-125,-100,Modena,10.916667,44.666667,Dressel 1B,1,0.6931471805599453,0.16666666666666666,0.11552453009332421
-100,-75,Modena,10.916667,44.666667,Dressel 1B,1,0.6931471805599453,0.16666666666666666,0.11552453009332421
-75,-50,Modena,10.916667,44.666667,Dressel 1B,1,0.6931471805599453,0.16666666666666666,0.11552453009332421
-50,-25,Modena,10.916667,44.666667,Dressel 1B,1,0.6931471805599453,0.16666666666666666,0.11552453009332421
-25,0,Modena,10.916667,44.666667,Dressel 1B,1,0.6931471805599453,0.16666666666666666,0.11552453009332421
-25,0,Modena,10.916667,44.666667,Dressel 2-4,2,1.0986122886681096,1.0,1.0986122886681096
-50,-25,Modena,10.916667,44.666667,Dressel 6A,3,1.3862943611198906,0.5,0.6931471805599453
-25,0,Modena,10.916667,44.666667,Dressel 6A,3,1.3862943611198906,0.5,0.6931471805599453
-50,-25,Modena,10.916667,44.666667,Dressel 6B,4,1.6094379124341003,0.5,0.8047189562170501
-25,0,Modena,10.916667,44.666667,Dressel 6B,4,1.6094379124341003,0.5,0.8047189562170501
-125,-100,Modena,10.916667,44.666667,Lamboglia 2,8,2.1972245773362196,0.25,0.5493061443340549
-100,-75,Modena,10.916667,44.666667,Lamboglia 2,8,2.1972245773362196,0.25,0.5493061443340549
-75,-50,Modena,10.916667,44.666667,Lamboglia 2,8,2.1972245773362196,0.25,0.5493061443340549
-50,-25,Modena,10.916667,44.666667,Lamboglia 2,8,2.1972245773362196,0.25,0.5493061443340549
-50,-25,Modena,13.033333,45.833333,Dressel 6A,1,0.6931471805599453,0.5,0.34657359027997264
-25,0,Modena,13.033333,45.833333,Dressel 6A,1,0.6931471805599453,0.5,0.34657359027997264
-50,-25,Modena,13.033333,45.833333,Dressel 6B,1,0.6931471805599453,0.5,0.34657359027997264
-25,0,Modena,13.033333,45.833333,Dressel 6B,1,0.6931471805599453,0.5,0.34657359027997264
-150,-125,Mondragone,13.883333,41.116667,Dressel 1B,1,0.6931471805599453,0.16666666666666666,0.11552453009332421
-125,-100,Mondragone,13.883333,41.116667,Dressel 1B,1,0.6931471805599453,0.16666666666666666,0.11552453009332421
-100,-75,Mondragone,13.883333,41.116667,Dressel 1B,1,0.6931471805599453,0.16666666666666666,0.11552453009332421
-75,-50,Mondragone,13.883333,41.116667,Dressel 1B,1,0.6931471805599453,0.16666666666666666,0.11552453009332421
-50,-25,Mondragone,13.883333,41.116667,Dressel 1B,1,0.6931471805599453,0.16666666666666666,0.11552453009332421
-25,0,Mondragone,13.883333,41.116667,Dressel 1B,1,0.6931471805599453,0.16666666666666666,0.11552453009332421
-125,-100,Monopoli,17.3,40.95,Brindisian amphora,1,0.6931471805599453,0.25,0.17328679513998632
-100,-75,Monopoli,17.3,40.95,Brindisian amphora,1,0.6931471805599453,0.25,0.17328679513998632
-75,-50,Monopoli,17.3,40.95,Brindisian amphora,1,0.6931471805599453,0.25,0.17328679513998632
-50,-25,Monopoli,17.3,40.95,Brindisian amphora,1,0.6931471805599453,0.25,0.17328679513998632
-125,-100,Monte Pallano,14.383333,42.033333,Brindisian amphora,2,1.0986122886681096,0.25,0.2746530721670274
-100,-75,Monte Pallano,14.383333,42.033333,Brindisian amphora,2,1.0986122886681096,0.25,0.2746530721670274
-75,-50,Monte Pallano,14.383333,42.033333,Brindisian amphora,2,1.0986122886681096,0.25,0.2746530721670274
-50,-25,Monte Pallano,14.383333,42.033333,Brindisian amphora,2,1.0986122886681096,0.25,0.2746530721670274
-125,-100,Narni,12.516667,42.516667,Brindisian amphora,1,0.6931471805599453,0.25,0.17328679513998632
-100,-75,Narni,12.516667,42.516667,Brindisian amphora,1,0.6931471805599453,0.25,0.17328679513998632
-75,-50,Narni,12.516667,42.516667,Brindisian amphora,1,0.6931471805599453,0.25,0.17328679513998632
-50,-25,Narni,12.516667,42.516667,Brindisian amphora,1,0.6931471805599453,0.25,0.17328679513998632
-150,-125,Narni,12.516667,42.516667,Dressel 1A,1,0.6931471805599453,0.16666666666666666,0.11552453009332421
-125,-100,Narni,12.516667,42.516667,Dressel 1A,1,0.6931471805599453,0.16666666666666666,0.11552453009332421
-100,-75,Narni,12.516667,42.516667,Dressel 1A,1,0.6931471805599453,0.16666666666666666,0.11552453009332421
-75,-50,Narni,12.516667,42.516667,Dressel 1A,1,0.6931471805599453,0.16666666666666666,0.11552453009332421
-50,-25,Narni,12.516667,42.516667,Dressel 1A,1,0.6931471805599453,0.16666666666666666,0.11552453009332421
-25,0,Narni,12.516667,42.516667,Dressel 1A,1,0.6931471805599453,0.16666666666666666,0.11552453009332421
-400,-375,Narni,12.516667,42.516667,Greco-Itálica,1,0.6931471805599453,0.08333333333333333,0.057762265046662105
-375,-350,Narni,12.516667,42.516667,Greco-Itálica,1,0.6931471805599453,0.08333333333333333,0.057762265046662105
-350,-325,Narni,12.516667,42.516667,Greco-Itálica,1,0.6931471805599453,0.08333333333333333,0.057762265046662105
-325,-300,Narni,12.516667,42.516667,Greco-Itálica,1,0.6931471805599453,0.08333333333333333,0.057762265046662105
-300,-275,Narni,12.516667,42.516667,Greco-Itálica,1,0.6931471805599453,0.08333333333333333,0.057762265046662105
-275,-250,Narni,12.516667,42.516667,Greco-Itálica,1,0.6931471805599453,0.08333333333333333,0.057762265046662105
-250,-225,Narni,12.516667,42.516667,Greco-Itálica,1,0.6931471805599453,0.08333333333333333,0.057762265046662105
-225,-200,Narni,12.516667,42.516667,Greco-Itálica,1,0.6931471805599453,0.08333333333333333,0.057762265046662105
-200,-175,Narni,12.516667,42.516667,Greco-Itálica,1,0.6931471805599453,0.08333333333333333,0.057762265046662105
-175,-150,Narni,12.516667,42.516667,Greco-Itálica,1,0.6931471805599453,0.08333333333333333,0.057762265046662105
-150,-125,Narni,12.516667,42.516667,Greco-Itálica,1,0.6931471805599453,0.08333333333333333,0.057762265046662105
-125,-100,Narni,12.516667,42.516667,Greco-Itálica,1,0.6931471805599453,0.08333333333333333,0.057762265046662105
-25,0,Oderzo,12.488056,45.78,Dressel 2-4,1,0.6931471805599453,1.0,0.6931471805599453
-50,-25,Oderzo,12.488056,45.78,Dressel 6A,18,2.9444389791664403,0.5,1.4722194895832201
-25,0,Oderzo,12.488056,45.78,Dressel 6A,18,2.9444389791664403,0.5,1.4722194895832201
-50,-25,Oderzo,12.488056,45.78,Dressel 6B,131,4.882801922586371,0.5,2.4414009612931853
-25,0,Oderzo,12.488056,45.78,Dressel 6B,131,4.882801922586371,0.5,2.4414009612931853
-150,-125,Orbetello,11.216667,42.45,Dressel 1B,1,0.6931471805599453,0.16666666666666666,0.11552453009332421
-125,-100,Orbetello,11.216667,42.45,Dressel 1B,1,0.6931471805599453,0.16666666666666666,0.11552453009332421
-100,-75,Orbetello,11.216667,42.45,Dressel 1B,1,0.6931471805599453,0.16666666666666666,0.11552453009332421
-75,-50,Orbetello,11.216667,42.45,Dressel 1B,1,0.6931471805599453,0.16666666666666666,0.11552453009332421
-50,-25,Orbetello,11.216667,42.45,Dressel 1B,1,0.6931471805599453,0.16666666666666666,0.11552453009332421
-25,0,Orbetello,11.216667,42.45,Dressel 1B,1,0.6931471805599453,0.16666666666666666,0.11552453009332421
-50,-25,Ordona,15.616667,41.316667,Dressel 6A,1,0.6931471805599453,0.5,0.34657359027997264
-25,0,Ordona,15.616667,41.316667,Dressel 6A,1,0.6931471805599453,0.5,0.34657359027997264
-50,-25,Ordona,15.616667,41.316667,Dressel 6B,1,0.6931471805599453,0.5,0.34657359027997264
-25,0,Ordona,15.616667,41.316667,Dressel 6B,1,0.6931471805599453,0.5,0.34657359027997264
-125,-100,Ordona,15.616667,41.316667,Lamboglia 2,4,1.6094379124341003,0.25,0.40235947810852507
-100,-75,Ordona,15.616667,41.316667,Lamboglia 2,4,1.6094379124341003,0.25,0.40235947810852507
-75,-50,Ordona,15.616667,41.316667,Lamboglia 2,4,1.6094379124341003,0.25,0.40235947810852507
-50,-25,Ordona,15.616667,41.316667,Lamboglia 2,4,1.6094379124341003,0.25,0.40235947810852507
-25,0,Ostia Antica,12.283333,41.75,Dressel 2-4,1,0.6931471805599453,1.0,0.6931471805599453
-25,0,Ostia Antica,12.283333,41.75,Dressel 2-4 Catalan,4,1.6094379124341003,1.0,1.6094379124341003
-400,-375,Ostia Antica,12.283333,41.75,Greco-Itálica,1,0.6931471805599453,0.08333333333333333,0.057762265046662105
-375,-350,Ostia Antica,12.283333,41.75,Greco-Itálica,1,0.6931471805599453,0.08333333333333333,0.057762265046662105
-350,-325,Ostia Antica,12.283333,41.75,Greco-Itálica,1,0.6931471805599453,0.08333333333333333,0.057762265046662105
-325,-300,Ostia Antica,12.283333,41.75,Greco-Itálica,1,0.6931471805599453,0.08333333333333333,0.057762265046662105
-300,-275,Ostia Antica,12.283333,41.75,Greco-Itálica,1,0.6931471805599453,0.08333333333333333,0.057762265046662105
-275,-250,Ostia Antica,12.283333,41.75,Greco-Itálica,1,0.6931471805599453,0.08333333333333333,0.057762265046662105
-250,-225,Ostia Antica,12.283333,41.75,Greco-Itálica,1,0.6931471805599453,0.08333333333333333,0.057762265046662105
-225,-200,Ostia Antica,12.283333,41.75,Greco-Itálica,1,0.6931471805599453,0.08333333333333333,0.057762265046662105
-200,-175,Ostia Antica,12.283333,41.75,Greco-Itálica,1,0.6931471805599453,0.08333333333333333,0.057762265046662105
-175,-150,Ostia Antica,12.283333,41.75,Greco-Itálica,1,0.6931471805599453,0.08333333333333333,0.057762265046662105
-150,-125,Ostia Antica,12.283333,41.75,Greco-Itálica,1,0.6931471805599453,0.08333333333333333,0.057762265046662105
-125,-100,Ostia Antica,12.283333,41.75,Greco-Itálica,1,0.6931471805599453,0.08333333333333333,0.057762265046662105
-125,-100,Ostia Antica,12.283333,41.75,Lamboglia 2,1,0.6931471805599453,0.25,0.17328679513998632
-100,-75,Ostia Antica,12.283333,41.75,Lamboglia 2,1,0.6931471805599453,0.25,0.17328679513998632
-75,-50,Ostia Antica,12.283333,41.75,Lamboglia 2,1,0.6931471805599453,0.25,0.17328679513998632
-50,-25,Ostia Antica,12.283333,41.75,Lamboglia 2,1,0.6931471805599453,0.25,0.17328679513998632
-50,-25,Ostiglia,11.133333,45.066667,Dressel 6A,5,1.791759469228055,0.5,0.8958797346140275
-25,0,Ostiglia,11.133333,45.066667,Dressel 6A,5,1.791759469228055,0.5,0.8958797346140275
-50,-25,Ostiglia,11.133333,45.066667,Dressel 6B,6,1.9459101490553132,0.5,0.9729550745276566
-25,0,Ostiglia,11.133333,45.066667,Dressel 6B,6,1.9459101490553132,0.5,0.9729550745276566
-125,-100,Padova,11.883333,45.416667,Brindisian amphora,1,0.6931471805599453,0.25,0.17328679513998632
-100,-75,Padova,11.883333,45.416667,Brindisian amphora,1,0.6931471805599453,0.25,0.17328679513998632
-75,-50,Padova,11.883333,45.416667,Brindisian amphora,1,0.6931471805599453,0.25,0.17328679513998632
-50,-25,Padova,11.883333,45.416667,Brindisian amphora,1,0.6931471805599453,0.25,0.17328679513998632
-25,0,Padova,11.883333,45.416667,Dressel 2-4,5,1.791759469228055,1.0,1.791759469228055
-50,-25,Padova,11.883333,45.416667,Dressel 6A,68,4.23410650459726,0.5,2.11705325229863
-25,0,Padova,11.883333,45.416667,Dressel 6A,68,4.23410650459726,0.5,2.11705325229863
-50,-25,Padova,11.883333,45.416667,Dressel 6B,276,5.6240175061873385,0.5,2.8120087530936693
-25,0,Padova,11.883333,45.416667,Dressel 6B,276,5.6240175061873385,0.5,2.8120087530936693
-125,-100,Padova,11.883333,45.416667,Lamboglia 2,19,2.995732273553991,0.25,0.7489330683884977
-100,-75,Padova,11.883333,45.416667,Lamboglia 2,19,2.995732273553991,0.25,0.7489330683884977
-75,-50,Padova,11.883333,45.416667,Lamboglia 2,19,2.995732273553991,0.25,0.7489330683884977
-50,-25,Padova,11.883333,45.416667,Lamboglia 2,19,2.995732273553991,0.25,0.7489330683884977
-400,-375,Palermo,13.366667,38.116667,Greco-Itálica,1,0.6931471805599453,0.08333333333333333,0.057762265046662105
-375,-350,Palermo,13.366667,38.116667,Greco-Itálica,1,0.6931471805599453,0.08333333333333333,0.057762265046662105
-350,-325,Palermo,13.366667,38.116667,Greco-Itálica,1,0.6931471805599453,0.08333333333333333,0.057762265046662105
-325,-300,Palermo,13.366667,38.116667,Greco-Itálica,1,0.6931471805599453,0.08333333333333333,0.057762265046662105
-300,-275,Palermo,13.366667,38.116667,Greco-Itálica,1,0.6931471805599453,0.08333333333333333,0.057762265046662105
-275,-250,Palermo,13.366667,38.116667,Greco-Itálica,1,0.6931471805599453,0.08333333333333333,0.057762265046662105
-250,-225,Palermo,13.366667,38.116667,Greco-Itálica,1,0.6931471805599453,0.08333333333333333,0.057762265046662105
-225,-200,Palermo,13.366667,38.116667,Greco-Itálica,1,0.6931471805599453,0.08333333333333333,0.057762265046662105
-200,-175,Palermo,13.366667,38.116667,Greco-Itálica,1,0.6931471805599453,0.08333333333333333,0.057762265046662105
-175,-150,Palermo,13.366667,38.116667,Greco-Itálica,1,0.6931471805599453,0.08333333333333333,0.057762265046662105
-150,-125,Palermo,13.366667,38.116667,Greco-Itálica,1,0.6931471805599453,0.08333333333333333,0.057762265046662105
-125,-100,Palermo,13.366667,38.116667,Greco-Itálica,1,0.6931471805599453,0.08333333333333333,0.057762265046662105
-50,-25,Parenzo (Porec),13.593889,45.225833,Dressel 6B,1,0.6931471805599453,0.5,0.34657359027997264
-25,0,Parenzo (Porec),13.593889,45.225833,Dressel 6B,1,0.6931471805599453,0.5,0.34657359027997264
-125,-100,Parma,10.333333,44.8,Brindisian amphora,1,0.6931471805599453,0.25,0.17328679513998632
-100,-75,Parma,10.333333,44.8,Brindisian amphora,1,0.6931471805599453,0.25,0.17328679513998632
-75,-50,Parma,10.333333,44.8,Brindisian amphora,1,0.6931471805599453,0.25,0.17328679513998632
-50,-25,Parma,10.333333,44.8,Brindisian amphora,1,0.6931471805599453,0.25,0.17328679513998632
-125,-100,Pavia,9.166667,45.166667,Lamboglia 2,1,0.6931471805599453,0.25,0.17328679513998632
-100,-75,Pavia,9.166667,45.166667,Lamboglia 2,1,0.6931471805599453,0.25,0.17328679513998632
-75,-50,Pavia,9.166667,45.166667,Lamboglia 2,1,0.6931471805599453,0.25,0.17328679513998632
-50,-25,Pavia,9.166667,45.166667,Lamboglia 2,1,0.6931471805599453,0.25,0.17328679513998632
-150,-125,Pegognaga,10.85,45.0,Dressel 1B,2,1.0986122886681096,0.16666666666666666,0.18310204811135158
-125,-100,Pegognaga,10.85,45.0,Dressel 1B,2,1.0986122886681096,0.16666666666666666,0.18310204811135158
-100,-75,Pegognaga,10.85,45.0,Dressel 1B,2,1.0986122886681096,0.16666666666666666,0.18310204811135158
-75,-50,Pegognaga,10.85,45.0,Dressel 1B,2,1.0986122886681096,0.16666666666666666,0.18310204811135158
-50,-25,Pegognaga,10.85,45.0,Dressel 1B,2,1.0986122886681096,0.16666666666666666,0.18310204811135158
-25,0,Pegognaga,10.85,45.0,Dressel 1B,2,1.0986122886681096,0.16666666666666666,0.18310204811135158
-25,0,Pegognaga,10.85,45.0,Dressel 2-4,2,1.0986122886681096,1.0,1.0986122886681096
-50,-25,Pegognaga,10.85,45.0,Dressel 6A,8,2.1972245773362196,0.5,1.0986122886681098
-25,0,Pegognaga,10.85,45.0,Dressel 6A,8,2.1972245773362196,0.5,1.0986122886681098
-50,-25,Pegognaga,10.85,45.0,Dressel 6B,13,2.639057329615259,0.5,1.3195286648076294
-25,0,Pegognaga,10.85,45.0,Dressel 6B,13,2.639057329615259,0.5,1.3195286648076294
-125,-100,Pegognaga,10.85,45.0,Lamboglia 2,2,1.0986122886681096,0.25,0.2746530721670274
-100,-75,Pegognaga,10.85,45.0,Lamboglia 2,2,1.0986122886681096,0.25,0.2746530721670274
-75,-50,Pegognaga,10.85,45.0,Lamboglia 2,2,1.0986122886681096,0.25,0.2746530721670274
-50,-25,Pegognaga,10.85,45.0,Lamboglia 2,2,1.0986122886681096,0.25,0.2746530721670274
-125,-100,Piadena,10.366667,45.133333,Lamboglia 2,5,1.791759469228055,0.25,0.44793986730701374
-100,-75,Piadena,10.366667,45.133333,Lamboglia 2,5,1.791759469228055,0.25,0.44793986730701374
-75,-50,Piadena,10.366667,45.133333,Lamboglia 2,5,1.791759469228055,0.25,0.44793986730701374
-50,-25,Piadena,10.366667,45.133333,Lamboglia 2,5,1.791759469228055,0.25,0.44793986730701374
-50,-25,Pisa,10.383333,43.716667,Dressel 6A,2,1.0986122886681096,0.5,0.5493061443340548
-25,0,Pisa,10.383333,43.716667,Dressel 6A,2,1.0986122886681096,0.5,0.5493061443340548
-125,-100,Pisa,10.383333,43.716667,Lamboglia 2,1,0.6931471805599453,0.25,0.17328679513998632
-100,-75,Pisa,10.383333,43.716667,Lamboglia 2,1,0.6931471805599453,0.25,0.17328679513998632
-75,-50,Pisa,10.383333,43.716667,Lamboglia 2,1,0.6931471805599453,0.25,0.17328679513998632
-50,-25,Pisa,10.383333,43.716667,Lamboglia 2,1,0.6931471805599453,0.25,0.17328679513998632
-125,-100,Pisa,10.716667,43.416667,Brindisian amphora,1,0.6931471805599453,0.25,0.17328679513998632
-100,-75,Pisa,10.716667,43.416667,Brindisian amphora,1,0.6931471805599453,0.25,0.17328679513998632
-75,-50,Pisa,10.716667,43.416667,Brindisian amphora,1,0.6931471805599453,0.25,0.17328679513998632
-50,-25,Pisa,10.716667,43.416667,Brindisian amphora,1,0.6931471805599453,0.25,0.17328679513998632
-50,-25,Poggio Rusco,11.116667,44.983333,Dressel 6B,1,0.6931471805599453,0.5,0.34657359027997264
-25,0,Poggio Rusco,11.116667,44.983333,Dressel 6B,1,0.6931471805599453,0.5,0.34657359027997264
-125,-100,Pompeya,14.483333,40.75,Brindisian amphora,2,1.0986122886681096,0.25,0.2746530721670274
-100,-75,Pompeya,14.483333,40.75,Brindisian amphora,2,1.0986122886681096,0.25,0.2746530721670274
-75,-50,Pompeya,14.483333,40.75,Brindisian amphora,2,1.0986122886681096,0.25,0.2746530721670274
-50,-25,Pompeya,14.483333,40.75,Brindisian amphora,2,1.0986122886681096,0.25,0.2746530721670274
-50,-25,Pompeya,14.483333,40.75,Pascual 1,2,1.0986122886681096,0.5,0.5493061443340548
-25,0,Pompeya,14.483333,40.75,Pascual 1,2,1.0986122886681096,0.5,0.5493061443340548
-125,-100,Populonia,10.483333,42.983333,Brindisian amphora,1,0.6931471805599453,0.25,0.17328679513998632
-100,-75,Populonia,10.483333,42.983333,Brindisian amphora,1,0.6931471805599453,0.25,0.17328679513998632
-75,-50,Populonia,10.483333,42.983333,Brindisian amphora,1,0.6931471805599453,0.25,0.17328679513998632
-50,-25,Populonia,10.483333,42.983333,Brindisian amphora,1,0.6931471805599453,0.25,0.17328679513998632
-125,-100,Pozzuolo del Friuli,13.195556,45.987778,Lamboglia 2,2,1.0986122886681096,0.25,0.2746530721670274
-100,-75,Pozzuolo del Friuli,13.195556,45.987778,Lamboglia 2,2,1.0986122886681096,0.25,0.2746530721670274
-75,-50,Pozzuolo del Friuli,13.195556,45.987778,Lamboglia 2,2,1.0986122886681096,0.25,0.2746530721670274
-50,-25,Pozzuolo del Friuli,13.195556,45.987778,Lamboglia 2,2,1.0986122886681096,0.25,0.2746530721670274
-125,-100,Revere,11.133333,45.05,Lamboglia 2,1,0.6931471805599453,0.25,0.17328679513998632
-100,-75,Revere,11.133333,45.05,Lamboglia 2,1,0.6931471805599453,0.25,0.17328679513998632
-75,-50,Revere,11.133333,45.05,Lamboglia 2,1,0.6931471805599453,0.25,0.17328679513998632
-50,-25,Revere,11.133333,45.05,Lamboglia 2,1,0.6931471805599453,0.25,0.17328679513998632
-50,-25,Riolo,11.083333,44.616667,Dressel 6B,1,0.6931471805599453,0.5,0.34657359027997264
-25,0,Riolo,11.083333,44.616667,Dressel 6B,1,0.6931471805599453,0.5,0.34657359027997264
-125,-100,Salapia,16.0,41.4,Brindisian amphora,1,0.6931471805599453,0.25,0.17328679513998632
-100,-75,Salapia,16.0,41.4,Brindisian amphora,1,0.6931471805599453,0.25,0.17328679513998632
-75,-50,Salapia,16.0,41.4,Brindisian amphora,1,0.6931471805599453,0.25,0.17328679513998632
-50,-25,Salapia,16.0,41.4,Brindisian amphora,1,0.6931471805599453,0.25,0.17328679513998632
-125,-100,San Cataldo,18.3,40.383333,Brindisian amphora,10,2.3978952727983707,0.25,0.5994738181995927
-100,-75,San Cataldo,18.3,40.383333,Brindisian amphora,10,2.3978952727983707,0.25,0.5994738181995927
-75,-50,San Cataldo,18.3,40.383333,Brindisian amphora,10,2.3978952727983707,0.25,0.5994738181995927
-50,-25,San Cataldo,18.3,40.383333,Brindisian amphora,10,2.3978952727983707,0.25,0.5994738181995927
-150,-125,Santa Severa,11.95,42.033333,Dressel 1B,3,1.3862943611198906,0.16666666666666666,0.23104906018664842
-125,-100,Santa Severa,11.95,42.033333,Dressel 1B,3,1.3862943611198906,0.16666666666666666,0.23104906018664842
-100,-75,Santa Severa,11.95,42.033333,Dressel 1B,3,1.3862943611198906,0.16666666666666666,0.23104906018664842
-75,-50,Santa Severa,11.95,42.033333,Dressel 1B,3,1.3862943611198906,0.16666666666666666,0.23104906018664842
-50,-25,Santa Severa,11.95,42.033333,Dressel 1B,3,1.3862943611198906,0.16666666666666666,0.23104906018664842
-25,0,Santa Severa,11.95,42.033333,Dressel 1B,3,1.3862943611198906,0.16666666666666666,0.23104906018664842
-150,-125,Sardegna,8.44,39.881944,Dressel 1,2,1.0986122886681096,0.16666666666666666,0.18310204811135158
-125,-100,Sardegna,8.44,39.881944,Dressel 1,2,1.0986122886681096,0.16666666666666666,0.18310204811135158
-100,-75,Sardegna,8.44,39.881944,Dressel 1,2,1.0986122886681096,0.16666666666666666,0.18310204811135158
-75,-50,Sardegna,8.44,39.881944,Dressel 1,2,1.0986122886681096,0.16666666666666666,0.18310204811135158
-50,-25,Sardegna,8.44,39.881944,Dressel 1,2,1.0986122886681096,0.16666666666666666,0.18310204811135158
-25,0,Sardegna,8.44,39.881944,Dressel 1,2,1.0986122886681096,0.16666666666666666,0.18310204811135158
-150,-125,Sardegna,8.44,39.881944,Dressel 1C,1,0.6931471805599453,0.16666666666666666,0.11552453009332421
-125,-100,Sardegna,8.44,39.881944,Dressel 1C,1,0.6931471805599453,0.16666666666666666,0.11552453009332421
-100,-75,Sardegna,8.44,39.881944,Dressel 1C,1,0.6931471805599453,0.16666666666666666,0.11552453009332421
-75,-50,Sardegna,8.44,39.881944,Dressel 1C,1,0.6931471805599453,0.16666666666666666,0.11552453009332421
-50,-25,Sardegna,8.44,39.881944,Dressel 1C,1,0.6931471805599453,0.16666666666666666,0.11552453009332421
-25,0,Sardegna,8.44,39.881944,Dressel 1C,1,0.6931471805599453,0.16666666666666666,0.11552453009332421
-25,0,Sardegna,8.44,39.881944,Dressel 2-4 Catalan,1,0.6931471805599453,1.0,0.6931471805599453
-400,-375,Sardegna,8.44,39.881944,Greco-Itálica,1,0.6931471805599453,0.08333333333333333,0.057762265046662105
-375,-350,Sardegna,8.44,39.881944,Greco-Itálica,1,0.6931471805599453,0.08333333333333333,0.057762265046662105
-350,-325,Sardegna,8.44,39.881944,Greco-Itálica,1,0.6931471805599453,0.08333333333333333,0.057762265046662105
-325,-300,Sardegna,8.44,39.881944,Greco-Itálica,1,0.6931471805599453,0.08333333333333333,0.057762265046662105
-300,-275,Sardegna,8.44,39.881944,Greco-Itálica,1,0.6931471805599453,0.08333333333333333,0.057762265046662105
-275,-250,Sardegna,8.44,39.881944,Greco-Itálica,1,0.6931471805599453,0.08333333333333333,0.057762265046662105
-250,-225,Sardegna,8.44,39.881944,Greco-Itálica,1,0.6931471805599453,0.08333333333333333,0.057762265046662105
-225,-200,Sardegna,8.44,39.881944,Greco-Itálica,1,0.6931471805599453,0.08333333333333333,0.057762265046662105
-200,-175,Sardegna,8.44,39.881944,Greco-Itálica,1,0.6931471805599453,0.08333333333333333,0.057762265046662105
-175,-150,Sardegna,8.44,39.881944,Greco-Itálica,1,0.6931471805599453,0.08333333333333333,0.057762265046662105
-150,-125,Sardegna,8.44,39.881944,Greco-Itálica,1,0.6931471805599453,0.08333333333333333,0.057762265046662105
-125,-100,Sardegna,8.44,39.881944,Greco-Itálica,1,0.6931471805599453,0.08333333333333333,0.057762265046662105
-125,-100,Sardegna,8.44,39.881944,Lamboglia 2,1,0.6931471805599453,0.25,0.17328679513998632
-100,-75,Sardegna,8.44,39.881944,Lamboglia 2,1,0.6931471805599453,0.25,0.17328679513998632
-75,-50,Sardegna,8.44,39.881944,Lamboglia 2,1,0.6931471805599453,0.25,0.17328679513998632
-50,-25,Sardegna,8.44,39.881944,Lamboglia 2,1,0.6931471805599453,0.25,0.17328679513998632
-125,-100,Sardegna,9.0,40.0,Brindisian amphora,2,1.0986122886681096,0.25,0.2746530721670274
-100,-75,Sardegna,9.0,40.0,Brindisian amphora,2,1.0986122886681096,0.25,0.2746530721670274
-75,-50,Sardegna,9.0,40.0,Brindisian amphora,2,1.0986122886681096,0.25,0.2746530721670274
-50,-25,Sardegna,9.0,40.0,Brindisian amphora,2,1.0986122886681096,0.25,0.2746530721670274
-25,0,Sassuolo,10.783333,44.55,Dressel 2-4,1,0.6931471805599453,1.0,0.6931471805599453
-400,-375,Segesta,12.833333,37.933333,Greco-Itálica,1,0.6931471805599453,0.08333333333333333,0.057762265046662105
-375,-350,Segesta,12.833333,37.933333,Greco-Itálica,1,0.6931471805599453,0.08333333333333333,0.057762265046662105
-350,-325,Segesta,12.833333,37.933333,Greco-Itálica,1,0.6931471805599453,0.08333333333333333,0.057762265046662105
-325,-300,Segesta,12.833333,37.933333,Greco-Itálica,1,0.6931471805599453,0.08333333333333333,0.057762265046662105
-300,-275,Segesta,12.833333,37.933333,Greco-Itálica,1,0.6931471805599453,0.08333333333333333,0.057762265046662105
-275,-250,Segesta,12.833333,37.933333,Greco-Itálica,1,0.6931471805599453,0.08333333333333333,0.057762265046662105
-250,-225,Segesta,12.833333,37.933333,Greco-Itálica,1,0.6931471805599453,0.08333333333333333,0.057762265046662105
-225,-200,Segesta,12.833333,37.933333,Greco-Itálica,1,0.6931471805599453,0.08333333333333333,0.057762265046662105
-200,-175,Segesta,12.833333,37.933333,Greco-Itálica,1,0.6931471805599453,0.08333333333333333,0.057762265046662105
-175,-150,Segesta,12.833333,37.933333,Greco-Itálica,1,0.6931471805599453,0.08333333333333333,0.057762265046662105
-150,-125,Segesta,12.833333,37.933333,Greco-Itálica,1,0.6931471805599453,0.08333333333333333,0.057762265046662105
-125,-100,Segesta,12.833333,37.933333,Greco-Itálica,1,0.6931471805599453,0.08333333333333333,0.057762265046662105
-400,-375,Selinunte,12.816667,37.583333,Greco-Itálica,1,0.6931471805599453,0.08333333333333333,0.057762265046662105
-375,-350,Selinunte,12.816667,37.583333,Greco-Itálica,1,0.6931471805599453,0.08333333333333333,0.057762265046662105
-350,-325,Selinunte,12.816667,37.583333,Greco-Itálica,1,0.6931471805599453,0.08333333333333333,0.057762265046662105
-325,-300,Selinunte,12.816667,37.583333,Greco-Itálica,1,0.6931471805599453,0.08333333333333333,0.057762265046662105
-300,-275,Selinunte,12.816667,37.583333,Greco-Itálica,1,0.6931471805599453,0.08333333333333333,0.057762265046662105
-275,-250,Selinunte,12.816667,37.583333,Greco-Itálica,1,0.6931471805599453,0.08333333333333333,0.057762265046662105
-250,-225,Selinunte,12.816667,37.583333,Greco-Itálica,1,0.6931471805599453,0.08333333333333333,0.057762265046662105
-225,-200,Selinunte,12.816667,37.583333,Greco-Itálica,1,0.6931471805599453,0.08333333333333333,0.057762265046662105
-200,-175,Selinunte,12.816667,37.583333,Greco-Itálica,1,0.6931471805599453,0.08333333333333333,0.057762265046662105
-175,-150,Selinunte,12.816667,37.583333,Greco-Itálica,1,0.6931471805599453,0.08333333333333333,0.057762265046662105
-150,-125,Selinunte,12.816667,37.583333,Greco-Itálica,1,0.6931471805599453,0.08333333333333333,0.057762265046662105
-125,-100,Selinunte,12.816667,37.583333,Greco-Itálica,1,0.6931471805599453,0.08333333333333333,0.057762265046662105
-50,-25,Sermide,11.366667,45.0,Dressel 6B,1,0.6931471805599453,0.5,0.34657359027997264
-25,0,Sermide,11.366667,45.0,Dressel 6B,1,0.6931471805599453,0.5,0.34657359027997264
-50,-25,Sevegliano,13.306944,45.887778,Dressel 6B,1,0.6931471805599453,0.5,0.34657359027997264
-25,0,Sevegliano,13.306944,45.887778,Dressel 6B,1,0.6931471805599453,0.5,0.34657359027997264
-125,-100,Sicilia,14.0,37.5,Brindisian amphora,2,1.0986122886681096,0.25,0.2746530721670274
-100,-75,Sicilia,14.0,37.5,Brindisian amphora,2,1.0986122886681096,0.25,0.2746530721670274
-75,-50,Sicilia,14.0,37.5,Brindisian amphora,2,1.0986122886681096,0.25,0.2746530721670274
-50,-25,Sicilia,14.0,37.5,Brindisian amphora,2,1.0986122886681096,0.25,0.2746530721670274
-150,-125,Spargi,9.35,41.233333,Dressel 1A,6,1.9459101490553132,0.16666666666666666,0.3243183581758855
-125,-100,Spargi,9.35,41.233333,Dressel 1A,6,1.9459101490553132,0.16666666666666666,0.3243183581758855
-100,-75,Spargi,9.35,41.233333,Dressel 1A,6,1.9459101490553132,0.16666666666666666,0.3243183581758855
-75,-50,Spargi,9.35,41.233333,Dressel 1A,6,1.9459101490553132,0.16666666666666666,0.3243183581758855
-50,-25,Spargi,9.35,41.233333,Dressel 1A,6,1.9459101490553132,0.16666666666666666,0.3243183581758855
-25,0,Spargi,9.35,41.233333,Dressel 1A,6,1.9459101490553132,0.16666666666666666,0.3243183581758855
-25,0,Susa,7.05,45.133333,Dressel 2-4,1,0.6931471805599453,1.0,0.6931471805599453
-50,-25,Susa,7.05,45.133333,Dressel 6B,2,1.0986122886681096,0.5,0.5493061443340548
-25,0,Susa,7.05,45.133333,Dressel 6B,2,1.0986122886681096,0.5,0.5493061443340548
-125,-100,Taranto,17.229722,40.476111,Brindisian amphora,5,1.791759469228055,0.25,0.44793986730701374
-100,-75,Taranto,17.229722,40.476111,Brindisian amphora,5,1.791759469228055,0.25,0.44793986730701374
-75,-50,Taranto,17.229722,40.476111,Brindisian amphora,5,1.791759469228055,0.25,0.44793986730701374
-50,-25,Taranto,17.229722,40.476111,Brindisian amphora,5,1.791759469228055,0.25,0.44793986730701374
-150,-125,Taranto,17.229722,40.476111,Dressel 1,1,0.6931471805599453,0.16666666666666666,0.11552453009332421
-125,-100,Taranto,17.229722,40.476111,Dressel 1,1,0.6931471805599453,0.16666666666666666,0.11552453009332421
-100,-75,Taranto,17.229722,40.476111,Dressel 1,1,0.6931471805599453,0.16666666666666666,0.11552453009332421
-75,-50,Taranto,17.229722,40.476111,Dressel 1,1,0.6931471805599453,0.16666666666666666,0.11552453009332421
-50,-25,Taranto,17.229722,40.476111,Dressel 1,1,0.6931471805599453,0.16666666666666666,0.11552453009332421
-25,0,Taranto,17.229722,40.476111,Dressel 1,1,0.6931471805599453,0.16666666666666666,0.11552453009332421
-25,0,Taranto,17.229722,40.476111,Dressel 2-4,5,1.791759469228055,1.0,1.791759469228055
-50,-25,Taranto,17.229722,40.476111,Dressel 6A,1,0.6931471805599453,0.5,0.34657359027997264
-25,0,Taranto,17.229722,40.476111,Dressel 6A,1,0.6931471805599453,0.5,0.34657359027997264
-400,-375,Taranto,17.229722,40.476111,Greco-Itálica,4,1.6094379124341003,0.08333333333333333,0.134119826036175
-375,-350,Taranto,17.229722,40.476111,Greco-Itálica,4,1.6094379124341003,0.08333333333333333,0.134119826036175
-350,-325,Taranto,17.229722,40.476111,Greco-Itálica,4,1.6094379124341003,0.08333333333333333,0.134119826036175
-325,-300,Taranto,17.229722,40.476111,Greco-Itálica,4,1.6094379124341003,0.08333333333333333,0.134119826036175
-300,-275,Taranto,17.229722,40.476111,Greco-Itálica,4,1.6094379124341003,0.08333333333333333,0.134119826036175
-275,-250,Taranto,17.229722,40.476111,Greco-Itálica,4,1.6094379124341003,0.08333333333333333,0.134119826036175
-250,-225,Taranto,17.229722,40.476111,Greco-Itálica,4,1.6094379124341003,0.08333333333333333,0.134119826036175
-225,-200,Taranto,17.229722,40.476111,Greco-Itálica,4,1.6094379124341003,0.08333333333333333,0.134119826036175
-200,-175,Taranto,17.229722,40.476111,Greco-Itálica,4,1.6094379124341003,0.08333333333333333,0.134119826036175
-175,-150,Taranto,17.229722,40.476111,Greco-Itálica,4,1.6094379124341003,0.08333333333333333,0.134119826036175
-150,-125,Taranto,17.229722,40.476111,Greco-Itálica,4,1.6094379124341003,0.08333333333333333,0.134119826036175
-125,-100,Taranto,17.229722,40.476111,Greco-Itálica,4,1.6094379124341003,0.08333333333333333,0.134119826036175
-125,-100,Taranto,17.229722,40.476111,Lamboglia 2,14,2.70805020110221,0.25,0.6770125502755525
-100,-75,Taranto,17.229722,40.476111,Lamboglia 2,14,2.70805020110221,0.25,0.6770125502755525
-75,-50,Taranto,17.229722,40.476111,Lamboglia 2,14,2.70805020110221,0.25,0.6770125502755525
-50,-25,Taranto,17.229722,40.476111,Lamboglia 2,14,2.70805020110221,0.25,0.6770125502755525
-25,0,Tivoli,7.166667,44.683333,Dressel 2-4,2,1.0986122886681096,1.0,1.0986122886681096
-25,0,Torre Valdaliga,11.75,42.116667,Dressel 2-4,1,0.6931471805599453,1.0,0.6931471805599453
-125,-100,Torre Valdaliga,11.75,42.116667,Lamboglia 2,1,0.6931471805599453,0.25,0.17328679513998632
-100,-75,Torre Valdaliga,11.75,42.116667,Lamboglia 2,1,0.6931471805599453,0.25,0.17328679513998632
-75,-50,Torre Valdaliga,11.75,42.116667,Lamboglia 2,1,0.6931471805599453,0.25,0.17328679513998632
-50,-25,Torre Valdaliga,11.75,42.116667,Lamboglia 2,1,0.6931471805599453,0.25,0.17328679513998632
-125,-100,Tortona,8.866667,44.9,Brindisian amphora,2,1.0986122886681096,0.25,0.2746530721670274
-100,-75,Tortona,8.866667,44.9,Brindisian amphora,2,1.0986122886681096,0.25,0.2746530721670274
-75,-50,Tortona,8.866667,44.9,Brindisian amphora,2,1.0986122886681096,0.25,0.2746530721670274
-50,-25,Tortona,8.866667,44.9,Brindisian amphora,2,1.0986122886681096,0.25,0.2746530721670274
-25,0,Tortona,8.866667,44.9,Dressel 2-4,1,0.6931471805599453,1.0,0.6931471805599453
-50,-25,Tortona,8.866667,44.9,Dressel 6A,12,2.5649493574615367,0.5,1.2824746787307684
-25,0,Tortona,8.866667,44.9,Dressel 6A,12,2.5649493574615367,0.5,1.2824746787307684
-50,-25,Tortona,8.866667,44.9,Dressel 6B,30,3.4339872044851463,0.5,1.7169936022425731
-25,0,Tortona,8.866667,44.9,Dressel 6B,30,3.4339872044851463,0.5,1.7169936022425731
-125,-100,Tortona,8.866667,44.9,Lamboglia 2,7,2.0794415416798357,0.25,0.5198603854199589
-100,-75,Tortona,8.866667,44.9,Lamboglia 2,7,2.0794415416798357,0.25,0.5198603854199589
-75,-50,Tortona,8.866667,44.9,Lamboglia 2,7,2.0794415416798357,0.25,0.5198603854199589
-50,-25,Tortona,8.866667,44.9,Lamboglia 2,7,2.0794415416798357,0.25,0.5198603854199589
-150,-125,Toscana,11.0,43.416667,Dressel 1,2,1.0986122886681096,0.16666666666666666,0.18310204811135158
-125,-100,Toscana,11.0,43.416667,Dressel 1,2,1.0986122886681096,0.16666666666666666,0.18310204811135158
-100,-75,Toscana,11.0,43.416667,Dressel 1,2,1.0986122886681096,0.16666666666666666,0.18310204811135158
-75,-50,Toscana,11.0,43.416667,Dressel 1,2,1.0986122886681096,0.16666666666666666,0.18310204811135158
-50,-25,Toscana,11.0,43.416667,Dressel 1,2,1.0986122886681096,0.16666666666666666,0.18310204811135158
-25,0,Toscana,11.0,43.416667,Dressel 1,2,1.0986122886681096,0.16666666666666666,0.18310204811135158
-25,0,Toscana,11.0,43.416667,Dressel 2-4 Catalan,1,0.6931471805599453,1.0,0.6931471805599453
-150,-125,Tournus,6.75,44.466667,Dressel 1,7,2.0794415416798357,0.16666666666666666,0.3465735902799726
-125,-100,Tournus,6.75,44.466667,Dressel 1,7,2.0794415416798357,0.16666666666666666,0.3465735902799726
-100,-75,Tournus,6.75,44.466667,Dressel 1,7,2.0794415416798357,0.16666666666666666,0.3465735902799726
-75,-50,Tournus,6.75,44.466667,Dressel 1,7,2.0794415416798357,0.16666666666666666,0.3465735902799726
-50,-25,Tournus,6.75,44.466667,Dressel 1,7,2.0794415416798357,0.16666666666666666,0.3465735902799726
-25,0,Tournus,6.75,44.466667,Dressel 1,7,2.0794415416798357,0.16666666666666666,0.3465735902799726
-400,-375,Trapani,12.483333,38.016667,Greco-Itálica,4,1.6094379124341003,0.08333333333333333,0.134119826036175
-375,-350,Trapani,12.483333,38.016667,Greco-Itálica,4,1.6094379124341003,0.08333333333333333,0.134119826036175
-350,-325,Trapani,12.483333,38.016667,Greco-Itálica,4,1.6094379124341003,0.08333333333333333,0.134119826036175
-325,-300,Trapani,12.483333,38.016667,Greco-Itálica,4,1.6094379124341003,0.08333333333333333,0.134119826036175
-300,-275,Trapani,12.483333,38.016667,Greco-Itálica,4,1.6094379124341003,0.08333333333333333,0.134119826036175
-275,-250,Trapani,12.483333,38.016667,Greco-Itálica,4,1.6094379124341003,0.08333333333333333,0.134119826036175
-250,-225,Trapani,12.483333,38.016667,Greco-Itálica,4,1.6094379124341003,0.08333333333333333,0.134119826036175
-225,-200,Trapani,12.483333,38.016667,Greco-Itálica,4,1.6094379124341003,0.08333333333333333,0.134119826036175
-200,-175,Trapani,12.483333,38.016667,Greco-Itálica,4,1.6094379124341003,0.08333333333333333,0.134119826036175
-175,-150,Trapani,12.483333,38.016667,Greco-Itálica,4,1.6094379124341003,0.08333333333333333,0.134119826036175
-150,-125,Trapani,12.483333,38.016667,Greco-Itálica,4,1.6094379124341003,0.08333333333333333,0.134119826036175
-125,-100,Trapani,12.483333,38.016667,Greco-Itálica,4,1.6094379124341003,0.08333333333333333,0.134119826036175
-50,-25,Trieste,13.766667,45.666667,Dressel 6B,3,1.3862943611198906,0.5,0.6931471805599453
-25,0,Trieste,13.766667,45.666667,Dressel 6B,3,1.3862943611198906,0.5,0.6931471805599453
-125,-100,Trinitapoli,16.083333,41.35,Lamboglia 2,3,1.3862943611198906,0.25,0.34657359027997264
-100,-75,Trinitapoli,16.083333,41.35,Lamboglia 2,3,1.3862943611198906,0.25,0.34657359027997264
-75,-50,Trinitapoli,16.083333,41.35,Lamboglia 2,3,1.3862943611198906,0.25,0.34657359027997264
-50,-25,Trinitapoli,16.083333,41.35,Lamboglia 2,3,1.3862943611198906,0.25,0.34657359027997264
-125,-100,Turrida di Sedegliano,12.932778,46.029444,Lamboglia 2,1,0.6931471805599453,0.25,0.17328679513998632
-100,-75,Turrida di Sedegliano,12.932778,46.029444,Lamboglia 2,1,0.6931471805599453,0.25,0.17328679513998632
-75,-50,Turrida di Sedegliano,12.932778,46.029444,Lamboglia 2,1,0.6931471805599453,0.25,0.17328679513998632
-50,-25,Turrida di Sedegliano,12.932778,46.029444,Lamboglia 2,1,0.6931471805599453,0.25,0.17328679513998632
-25,0,Ugento,18.166667,39.933333,Dressel 2-4,2,1.0986122886681096,1.0,1.0986122886681096
-25,0,Umbria,12.55,43.05,Dressel 2-4,4,1.6094379124341003,1.0,1.6094379124341003
-150,-125,Vallebuona,9.116667,44.45,Dressel 1A,1,0.6931471805599453,0.16666666666666666,0.11552453009332421
-125,-100,Vallebuona,9.116667,44.45,Dressel 1A,1,0.6931471805599453,0.16666666666666666,0.11552453009332421
-100,-75,Vallebuona,9.116667,44.45,Dressel 1A,1,0.6931471805599453,0.16666666666666666,0.11552453009332421
-75,-50,Vallebuona,9.116667,44.45,Dressel 1A,1,0.6931471805599453,0.16666666666666666,0.11552453009332421
-50,-25,Vallebuona,9.116667,44.45,Dressel 1A,1,0.6931471805599453,0.16666666666666666,0.11552453009332421
-25,0,Vallebuona,9.116667,44.45,Dressel 1A,1,0.6931471805599453,0.16666666666666666,0.11552453009332421
-150,-125,Vallebuona,9.116667,44.45,Dressel 1B,1,0.6931471805599453,0.16666666666666666,0.11552453009332421
-125,-100,Vallebuona,9.116667,44.45,Dressel 1B,1,0.6931471805599453,0.16666666666666666,0.11552453009332421
-100,-75,Vallebuona,9.116667,44.45,Dressel 1B,1,0.6931471805599453,0.16666666666666666,0.11552453009332421
-75,-50,Vallebuona,9.116667,44.45,Dressel 1B,1,0.6931471805599453,0.16666666666666666,0.11552453009332421
-50,-25,Vallebuona,9.116667,44.45,Dressel 1B,1,0.6931471805599453,0.16666666666666666,0.11552453009332421
-25,0,Vallebuona,9.116667,44.45,Dressel 1B,1,0.6931471805599453,0.16666666666666666,0.11552453009332421
-400,-375,Vallebuona,9.116667,44.45,Greco-Itálica,1,0.6931471805599453,0.08333333333333333,0.057762265046662105
-375,-350,Vallebuona,9.116667,44.45,Greco-Itálica,1,0.6931471805599453,0.08333333333333333,0.057762265046662105
-350,-325,Vallebuona,9.116667,44.45,Greco-Itálica,1,0.6931471805599453,0.08333333333333333,0.057762265046662105
-325,-300,Vallebuona,9.116667,44.45,Greco-Itálica,1,0.6931471805599453,0.08333333333333333,0.057762265046662105
-300,-275,Vallebuona,9.116667,44.45,Greco-Itálica,1,0.6931471805599453,0.08333333333333333,0.057762265046662105
-275,-250,Vallebuona,9.116667,44.45,Greco-Itálica,1,0.6931471805599453,0.08333333333333333,0.057762265046662105
-250,-225,Vallebuona,9.116667,44.45,Greco-Itálica,1,0.6931471805599453,0.08333333333333333,0.057762265046662105
-225,-200,Vallebuona,9.116667,44.45,Greco-Itálica,1,0.6931471805599453,0.08333333333333333,0.057762265046662105
-200,-175,Vallebuona,9.116667,44.45,Greco-Itálica,1,0.6931471805599453,0.08333333333333333,0.057762265046662105
-175,-150,Vallebuona,9.116667,44.45,Greco-Itálica,1,0.6931471805599453,0.08333333333333333,0.057762265046662105
-150,-125,Vallebuona,9.116667,44.45,Greco-Itálica,1,0.6931471805599453,0.08333333333333333,0.057762265046662105
-125,-100,Vallebuona,9.116667,44.45,Greco-Itálica,1,0.6931471805599453,0.08333333333333333,0.057762265046662105
-150,-125,Ventimiglia,7.6,43.783333,Dressel 1C,1,0.6931471805599453,0.16666666666666666,0.11552453009332421
-125,-100,Ventimiglia,7.6,43.783333,Dressel 1C,1,0.6931471805599453,0.16666666666666666,0.11552453009332421
-100,-75,Ventimiglia,7.6,43.783333,Dressel 1C,1,0.6931471805599453,0.16666666666666666,0.11552453009332421
-75,-50,Ventimiglia,7.6,43.783333,Dressel 1C,1,0.6931471805599453,0.16666666666666666,0.11552453009332421
-50,-25,Ventimiglia,7.6,43.783333,Dressel 1C,1,0.6931471805599453,0.16666666666666666,0.11552453009332421
-25,0,Ventimiglia,7.6,43.783333,Dressel 1C,1,0.6931471805599453,0.16666666666666666,0.11552453009332421
-50,-25,Ventimiglia,7.6,43.783333,Dressel 6A,1,0.6931471805599453,0.5,0.34657359027997264
-25,0,Ventimiglia,7.6,43.783333,Dressel 6A,1,0.6931471805599453,0.5,0.34657359027997264
-125,-100,Vercelli,8.416667,45.316667,Brindisian amphora,1,0.6931471805599453,0.25,0.17328679513998632
-100,-75,Vercelli,8.416667,45.316667,Brindisian amphora,1,0.6931471805599453,0.25,0.17328679513998632
-75,-50,Vercelli,8.416667,45.316667,Brindisian amphora,1,0.6931471805599453,0.25,0.17328679513998632
-50,-25,Vercelli,8.416667,45.316667,Brindisian amphora,1,0.6931471805599453,0.25,0.17328679513998632
-25,0,Vercelli,8.416667,45.316667,Dressel 2-4,1,0.6931471805599453,1.0,0.6931471805599453
-50,-25,Vercelli,8.416667,45.316667,Dressel 6A,7,2.0794415416798357,0.5,1.0397207708399179
-25,0,Vercelli,8.416667,45.316667,Dressel 6A,7,2.0794415416798357,0.5,1.0397207708399179
-50,-25,Vercelli,8.416667,45.316667,Dressel 6B,23,3.1780538303479458,0.5,1.5890269151739729
-25,0,Vercelli,8.416667,45.316667,Dressel 6B,23,3.1780538303479458,0.5,1.5890269151739729
-125,-100,Vercelli,8.416667,45.316667,Lamboglia 2,5,1.791759469228055,0.25,0.44793986730701374
-100,-75,Vercelli,8.416667,45.316667,Lamboglia 2,5,1.791759469228055,0.25,0.44793986730701374
-75,-50,Vercelli,8.416667,45.316667,Lamboglia 2,5,1.791759469228055,0.25,0.44793986730701374
-50,-25,Vercelli,8.416667,45.316667,Lamboglia 2,5,1.791759469228055,0.25,0.44793986730701374
-50,-25,Verona,11.0,45.45,Dressel 6B,1,0.6931471805599453,0.5,0.34657359027997264
-25,0,Verona,11.0,45.45,Dressel 6B,1,0.6931471805599453,0.5,0.34657359027997264
-125,-100,Vibo Valentia,16.1,38.666667,Brindisian amphora,1,0.6931471805599453,0.25,0.17328679513998632
-100,-75,Vibo Valentia,16.1,38.666667,Brindisian amphora,1,0.6931471805599453,0.25,0.17328679513998632
-75,-50,Vibo Valentia,16.1,38.666667,Brindisian amphora,1,0.6931471805599453,0.25,0.17328679513998632
-50,-25,Vibo Valentia,16.1,38.666667,Brindisian amphora,1,0.6931471805599453,0.25,0.17328679513998632
-25,0,Vibo Valentia,16.1,38.666667,Dressel 2-4,2,1.0986122886681096,1.0,1.0986122886681096
-50,-25,Vicenza,11.55,45.55,Dressel 6A,27,3.332204510175204,0.5,1.666102255087602
-25,0,Vicenza,11.55,45.55,Dressel 6A,27,3.332204510175204,0.5,1.666102255087602
-50,-25,Vicenza,11.55,45.55,Dressel 6B,116,4.762173934797756,0.5,2.381086967398878
-25,0,Vicenza,11.55,45.55,Dressel 6B,116,4.762173934797756,0.5,2.381086967398878
-50,-25,Vrhnika,14.295556,45.966111,Dressel 6B,1,0.6931471805599453,0.5,0.34657359027997264
-25,0,Vrhnika,14.295556,45.966111,Dressel 6B,1,0.6931471805599453,0.5,0.34657359027997264
-25,0,Île Cavallo,9.262903,41.368374,Dressel 2-4 Catalan,10,2.3978952727983707,1.0,2.3978952727983707
-25,0,Îles Lavezzi,9.254185,41.341096,Dressel 2-4 Catalan,93,4.543294782270004,1.0,4.543294782270004
-25,0,Îles Perduto,9.305129,41.369872,Dressel 2-4 Catalan,11,2.4849066497880004,1.0,2.4849066497880004
